Datetime,Percepation (mm),Temperatur (C),Observed discharge (m3/s),Simulated discharge (m3/s)
2012-09-01 00:00:00,0.0,5.81,13.63,0.0
2012-09-02 00:00:00,1.58,11.47,11.91,6.548103813623479
2012-09-03 00:00:00,6.26,9.04,22.62,31.657578309963714
2012-09-04 00:00:00,1.46,8.25,26.66,31.912050046313336
2012-09-05 00:00:00,0.69,9.51,21.53,28.909781579302514
2012-09-06 00:00:00,3.2,3.22,29.07,35.33956284256277
2012-09-07 00:00:00,3.66,4.26,39.08,44.216691467591474
2012-09-08 00:00:00,7.24,4.13,110.95,73.69231558124143
2012-09-09 00:00:00,3.6,2.23,72.26,68.34013049729964
2012-09-10 00:00:00,1.48,6.02,41.4,59.839814994855004
2012-09-11 00:00:00,0.06,11.16,29.41,52.61516076563227
2012-09-12 00:00:00,4.6,6.52,39.35,62.26086091226437
2012-09-13 00:00:00,0.58,4.95,24.43,53.2502828151909
2012-09-14 00:00:00,8.33,5.17,40.14,106.34955267412894
2012-09-15 00:00:00,3.29,5.79,63.34,88.80981604195921
2012-09-16 00:00:00,0.88,6.42,39.27,60.27563261523366
2012-09-17 00:00:00,3.49,8.54,27.67,63.82893156905819
2012-09-18 00:00:00,0.31,5.58,30.55,53.41575942156637
2012-09-19 00:00:00,9.85,4.21,61.55,126.57903418823524
2012-09-20 00:00:00,3.26,2.05,61.66,82.9040894231811
2012-09-21 00:00:00,0.26,1.37,33.28,56.90073644523034
2012-09-22 00:00:00,0.0,1.47,23.99,46.61100862269169
2012-09-23 00:00:00,0.03,1.19,20.19,38.14179524643724
2012-09-24 00:00:00,0.0,1.21,16.58,31.18664182352832
2012-09-25 00:00:00,0.01,2.37,13.84,25.51601898738402
2012-09-26 00:00:00,1.8,2.74,12.35,28.754411198562227
2012-09-27 00:00:00,0.2,2.92,11.11,25.207085812623248
2012-09-28 00:00:00,1.92,4.86,12.57,28.967261131644168
2012-09-29 00:00:00,0.79,4.81,13.04,29.0107318446395
2012-09-30 00:00:00,3.41,4.97,13.17,38.65113105170402
2012-10-01 00:00:00,0.28,5.55,13.78,32.720543045884725
2012-10-02 00:00:00,0.0,6.34,10.4,26.734605300557316
2012-10-03 00:00:00,0.02,4.98,8.79,21.923048105550897
2012-10-04 00:00:00,0.19,5.38,8.39,18.683164637701953
2012-10-05 00:00:00,0.02,2.99,7.75,15.33482057350173
2012-10-06 00:00:00,0.0,1.0,6.78,12.529449001274962
2012-10-07 00:00:00,3.88,2.49,45.41,22.640428956513325
2012-10-08 00:00:00,24.86,2.88,220.55,206.33608175174092
2012-10-09 00:00:00,8.81,1.51,98.36,156.3996800865869
2012-10-10 00:00:00,2.8,-0.68,64.49,74.47434682662042
2012-10-11 00:00:00,2.54,-0.05,51.01,57.84642735971185
2012-10-12 00:00:00,0.08,-1.09,36.23,48.91589741635212
2012-10-13 00:00:00,0.0,-1.18,24.6,40.062786929678246
2012-10-14 00:00:00,0.07,-1.15,20.55,33.378654324118614
2012-10-15 00:00:00,0.02,-0.35,17.22,27.378243032660976
2012-10-16 00:00:00,0.03,-0.69,14.58,22.67014184536654
2012-10-17 00:00:00,0.01,-0.54,12.46,18.62343024804407
2012-10-18 00:00:00,0.03,0.83,13.44,15.428862612907075
2012-10-19 00:00:00,2.98,2.14,27.01,25.427573868661362
2012-10-20 00:00:00,0.33,0.06,34.8,31.084215124419906
2012-10-21 00:00:00,1.89,1.45,27.62,29.544425935535006
2012-10-22 00:00:00,0.12,2.32,25.91,27.068137465348915
2012-10-23 00:00:00,0.72,1.21,24.1,27.897961783122813
2012-10-24 00:00:00,4.37,1.6,27.71,33.23487243792082
2012-10-25 00:00:00,4.04,-3.01,26.48,27.842209400371853
2012-10-26 00:00:00,16.71,-6.16,16.8,23.16813212746003
2012-10-27 00:00:00,10.57,-3.95,18.64,19.46877831011409
2012-10-28 00:00:00,6.16,-4.77,19.69,16.475167278113172
2012-10-29 00:00:00,0.5,-9.69,18.84,14.010496715621665
2012-10-30 00:00:00,0.02,-7.96,25.8,12.013880776608179
2012-10-31 00:00:00,0.02,-9.26,34.32,10.3638807380162
2012-11-01 00:00:00,2.01,-2.83,49.58,9.081423597834917
2012-11-02 00:00:00,0.63,0.77,43.97,9.50464569406559
2012-11-03 00:00:00,0.01,0.4,32.54,17.172769463701155
2012-11-04 00:00:00,0.1,-0.74,21.37,21.131536470575803
2012-11-05 00:00:00,0.0,-2.96,15.39,19.82564992166547
2012-11-06 00:00:00,0.02,-6.72,12.99,18.43781530855766
2012-11-07 00:00:00,4.12,-4.39,12.21,15.61998669406163
2012-11-08 00:00:00,1.7,-4.6,10.37,13.443101198753235
2012-11-09 00:00:00,0.44,-5.9,10.82,11.54775699246157
2012-11-10 00:00:00,0.27,-2.85,10.09,10.120010084004205
2012-11-11 00:00:00,0.07,1.88,14.43,9.018948960519662
2012-11-12 00:00:00,2.72,0.0,21.73,29.58644625869506
2012-11-13 00:00:00,2.65,-1.87,18.35,30.439614562208597
2012-11-14 00:00:00,5.85,-0.46,17.65,29.447524378705545
2012-11-15 00:00:00,2.0,0.38,21.99,31.042457395539603
2012-11-16 00:00:00,0.51,-0.33,17.12,32.25080490216142
2012-11-17 00:00:00,0.0,0.81,16.93,27.420133069682493
2012-11-18 00:00:00,0.05,0.3,17.75,31.546377943103995
2012-11-19 00:00:00,0.0,-3.1,12.62,28.83749522873687
2012-11-20 00:00:00,3.64,-1.87,11.34,26.38666154054884
2012-11-21 00:00:00,0.67,1.97,18.98,23.920389940208224
2012-11-22 00:00:00,0.78,3.49,78.42,36.80095999105198
2012-11-23 00:00:00,0.0,1.82,50.47,59.84960195408828
2012-11-24 00:00:00,0.16,2.48,41.2,63.739837933875066
2012-11-25 00:00:00,0.0,-3.96,20.58,85.289959908696
2012-11-26 00:00:00,0.0,-6.12,16.48,56.14629473770655
2012-11-27 00:00:00,0.0,-4.55,19.58,47.06374239795255
2012-11-28 00:00:00,0.0,-3.88,19.2,38.45384152738305
2012-11-29 00:00:00,0.0,-5.96,17.6,32.60370343517994
2012-11-30 00:00:00,0.0,-9.18,8.36,26.63914047678337
2012-12-01 00:00:00,0.0,-11.27,7.45,22.946148483455445
2012-12-02 00:00:00,0.0,-14.69,6.94,18.748350906429042
2012-12-03 00:00:00,0.0,-19.52,6.69,16.494674906385278
2012-12-04 00:00:00,0.0,-18.75,6.77,13.477118107875649
2012-12-05 00:00:00,0.07,-20.61,6.63,12.18526914517605
2012-12-06 00:00:00,0.2,-18.03,6.63,9.960685587282354
2012-12-07 00:00:00,0.02,-18.05,6.77,9.308418009746507
2012-12-08 00:00:00,0.0,-13.66,6.91,7.610112734002771
2012-12-09 00:00:00,0.0,-17.18,7.05,7.383664364398158
2012-12-10 00:00:00,0.01,-8.92,7.12,6.037692127745556
2012-12-11 00:00:00,1.39,-11.94,7.12,6.128895624934679
2012-12-12 00:00:00,1.88,-8.53,7.44,5.056894583903111
2012-12-13 00:00:00,0.01,-12.28,7.67,5.323482190727194
2012-12-14 00:00:00,0.0,-14.64,8.39,4.398647890114553
2012-12-15 00:00:00,0.0,-12.42,9.26,4.781380372671208
2012-12-16 00:00:00,0.15,-6.59,8.0,3.959116346056563
2012-12-17 00:00:00,0.0,-2.61,7.78,4.417997016898318
2012-12-18 00:00:00,0.0,-4.14,7.57,5.587039182572516
2012-12-19 00:00:00,0.0,-5.87,7.6,5.741124634487832
2012-12-20 00:00:00,1.4,-7.68,7.37,4.772339172484031
2012-12-21 00:00:00,0.56,-8.23,7.55,5.085014812363506
2012-12-22 00:00:00,0.01,-9.62,7.11,4.236205859468318
2012-12-23 00:00:00,0.03,-11.28,6.58,4.643445796632557
2012-12-24 00:00:00,0.0,-10.07,5.8,3.8751258126508596
2012-12-25 00:00:00,0.01,-9.98,4.95,4.344426466919828
2012-12-26 00:00:00,0.0,-11.05,4.46,3.6305182795172177
2012-12-27 00:00:00,0.8,-8.63,4.06,4.16000972103088
2012-12-28 00:00:00,4.51,-8.02,3.92,3.5880176561537107
2012-12-29 00:00:00,1.46,-7.43,3.99,4.156904945906194
2012-12-30 00:00:00,0.7,-1.48,3.98,3.963463509391545
2012-12-31 00:00:00,0.62,-2.05,4.0,5.534843469679511
2013-01-01 00:00:00,3.37,-1.82,3.89,6.916817214077115
2013-01-02 00:00:00,2.82,-4.37,3.89,7.590475856491868
2013-01-03 00:00:00,4.47,-2.69,4.06,6.569014708920273
2013-01-04 00:00:00,2.9,0.06,8.87,11.91471838619018
2013-01-05 00:00:00,3.41,-0.6,14.01,16.83091042774855
2013-01-06 00:00:00,6.35,0.97,17.05,37.62291585689448
2013-01-07 00:00:00,1.62,-0.15,14.36,40.714320002632775
2013-01-08 00:00:00,3.06,-1.6,13.1,37.154400396307814
2013-01-09 00:00:00,1.01,-1.98,12.12,31.147337339760977
2013-01-10 00:00:00,0.02,-5.16,11.18,27.047638374656543
2013-01-11 00:00:00,0.0,-9.69,9.04,22.8848168172124
2013-01-12 00:00:00,0.0,-14.3,6.58,19.847008070605536
2013-01-13 00:00:00,0.0,-15.51,4.69,16.998661434180057
2013-01-14 00:00:00,0.0,-18.09,4.4,15.033551863547135
2013-01-15 00:00:00,0.0,-18.19,4.4,13.062977592638488
2013-01-16 00:00:00,0.0,-19.01,4.39,11.81376024182865
2013-01-17 00:00:00,0.0,-15.09,4.39,10.429421383586769
2013-01-18 00:00:00,0.0,-17.91,4.38,9.657898102403896
2013-01-19 00:00:00,0.0,-18.55,4.37,8.665168081090442
2013-01-20 00:00:00,1.43,-10.71,4.37,8.247470670711
2013-01-21 00:00:00,0.0,-10.86,4.36,7.509988713567652
2013-01-22 00:00:00,0.0,-15.61,4.36,7.299432437811175
2013-01-23 00:00:00,0.0,-17.09,4.35,6.732618441465934
2013-01-24 00:00:00,0.94,-13.41,4.35,6.683210204775577
2013-01-25 00:00:00,0.0,-14.59,4.34,6.226371257126793
2013-01-26 00:00:00,0.62,-14.5,4.34,6.28057864825393
2013-01-27 00:00:00,0.0,-11.22,4.33,5.894650092541274
2013-01-28 00:00:00,5.35,-8.65,4.33,6.136875711457336
2013-01-29 00:00:00,0.72,-4.78,4.32,5.792124722326036
2013-01-30 00:00:00,0.89,-4.6,4.32,6.0702753810636025
2013-01-31 00:00:00,1.1,-2.57,4.31,5.761852667585065
2013-02-01 00:00:00,4.94,-5.44,4.3,6.1623973542453125
2013-02-02 00:00:00,5.85,-4.94,4.3,5.977632280628981
2013-02-03 00:00:00,6.03,-3.98,4.29,6.482114196117164
2013-02-04 00:00:00,0.0,-9.04,4.29,6.235477869186716
2013-02-05 00:00:00,0.83,-8.19,4.28,6.707524478462194
2013-02-06 00:00:00,2.56,-6.08,4.28,6.47909582335553
2013-02-07 00:00:00,0.56,-8.07,4.27,6.9145995439042895
2013-02-08 00:00:00,0.06,-12.52,4.27,6.646177962598779
2013-02-09 00:00:00,0.0,-15.26,4.26,7.04530033650545
2013-02-10 00:00:00,0.0,-16.19,4.25,6.749392767146363
2013-02-11 00:00:00,0.54,-10.37,4.25,7.137156758181058
2013-02-12 00:00:00,0.27,-8.9,4.25,6.827508941108875
2013-02-13 00:00:00,0.02,-8.94,4.24,7.195654269016164
2013-02-14 00:00:00,0.01,-9.41,4.23,6.871976690662432
2013-02-15 00:00:00,0.0,-8.51,4.23,7.226184889493018
2013-02-16 00:00:00,0.39,-8.97,4.22,6.902932335711051
2013-02-17 00:00:00,0.82,-5.94,4.22,7.2659199508417505
2013-02-18 00:00:00,7.19,-1.85,4.21,10.900792299178846
2013-02-19 00:00:00,5.54,-4.64,4.21,11.230031387728244
2013-02-20 00:00:00,0.0,-10.13,4.2,10.309971074393639
2013-02-21 00:00:00,0.0,-9.94,4.2,10.192124387753692
2013-02-22 00:00:00,0.98,-6.29,4.19,9.481956355462984
2013-02-23 00:00:00,2.25,-2.6,4.18,9.564792463099641
2013-02-24 00:00:00,0.03,-2.92,4.18,8.96598496718131
2013-02-25 00:00:00,0.19,-2.85,4.18,9.141384177421678
2013-02-26 00:00:00,0.0,-5.01,4.17,8.615905996629543
2013-02-27 00:00:00,0.0,-0.55,4.16,8.848834884246072
2013-02-28 00:00:00,2.74,-0.25,5.99,18.612573192364035
2013-03-01 00:00:00,14.56,-2.93,7.03,20.6423802674602
2013-03-02 00:00:00,11.26,-2.95,8.57,18.1972439333859
2013-03-03 00:00:00,17.13,-3.44,7.63,17.552270406509223
2013-03-04 00:00:00,13.2,-3.36,7.15,15.992948148178291
2013-03-05 00:00:00,1.04,-1.26,7.03,16.31615502827066
2013-03-06 00:00:00,0.67,-2.06,7.08,16.310461213998376
2013-03-07 00:00:00,5.04,-6.57,6.85,16.360112172461506
2013-03-08 00:00:00,0.19,-9.73,7.01,15.002099165023758
2013-03-09 00:00:00,0.0,-13.6,6.69,15.081819820971443
2013-03-10 00:00:00,0.0,-14.98,6.64,13.95179342169877
2013-03-11 00:00:00,1.47,-12.67,7.34,14.249984679245511
2013-03-12 00:00:00,4.98,-6.52,6.64,13.389164228496943
2013-03-13 00:00:00,2.45,-10.83,6.48,13.840829736768644
2013-03-14 00:00:00,1.47,-12.4,6.01,13.08488146163947
2013-03-15 00:00:00,0.0,-13.22,5.83,13.581804240262066
2013-03-16 00:00:00,0.0,-11.73,5.81,12.866870056436374
2013-03-17 00:00:00,0.0,-7.57,5.55,13.393304857010053
2013-03-18 00:00:00,0.0,-5.89,5.32,12.706505490540609
2013-03-19 00:00:00,0.0,-8.78,5.3,13.25194353719247
2013-03-20 00:00:00,0.0,-11.51,5.25,12.584678271673582
2013-03-21 00:00:00,0.0,-11.03,5.09,13.142106569840308
2013-03-22 00:00:00,0.0,-10.72,5.02,12.488630999268496
2013-03-23 00:00:00,0.0,-13.2,5.25,13.053370276441614
2013-03-24 00:00:00,0.0,-9.47,5.04,12.409846834372615
2013-03-25 00:00:00,0.0,-6.47,4.73,12.978775766842698
2013-03-26 00:00:00,0.04,-5.84,4.62,12.34362712586429
2013-03-27 00:00:00,0.02,-6.86,4.6,12.914979872385794
2013-03-28 00:00:00,4.1,-5.67,4.6,12.386481176681679
2013-03-29 00:00:00,0.16,-5.8,4.62,12.943810562755276
2013-03-30 00:00:00,0.0,-8.16,4.61,12.403456824648067
2013-03-31 00:00:00,0.02,-7.77,4.58,12.948047086000281
2013-04-01 00:00:00,3.08,-4.95,4.57,12.476430499620164
2013-04-02 00:00:00,1.79,-3.33,4.53,13.04197063124481
2013-04-03 00:00:00,0.03,-4.04,4.51,12.547106106387016
2013-04-04 00:00:00,0.63,-1.43,4.52,13.437607625407324
2013-04-05 00:00:00,1.06,-5.61,4.52,13.996044124764438
2013-04-06 00:00:00,0.17,-5.38,4.48,14.119037111429355
2013-04-07 00:00:00,2.07,-5.13,4.43,13.649154150205401
2013-04-08 00:00:00,2.52,-5.6,4.31,13.88845252074503
2013-04-09 00:00:00,0.11,-8.25,4.12,13.45589184743753
2013-04-10 00:00:00,0.06,-6.88,3.82,13.72221611611132
2013-04-11 00:00:00,0.0,-5.81,3.48,13.312503066053207
2013-04-12 00:00:00,0.0,-4.55,3.26,13.595271628148295
2013-04-13 00:00:00,0.0,-2.47,3.14,13.201245225960426
2013-04-14 00:00:00,0.0,-2.0,3.08,15.76335568510457
2013-04-15 00:00:00,0.15,1.02,4.41,18.103625545370363
2013-04-16 00:00:00,0.02,3.72,20.23,28.039182288333787
2013-04-17 00:00:00,0.05,3.17,74.64,64.00462677210966
2013-04-18 00:00:00,0.17,3.12,115.68,128.74786371314815
2013-04-19 00:00:00,3.87,2.91,123.77,202.3820581585022
2013-04-20 00:00:00,3.69,-2.44,71.01,181.15371964117855
2013-04-21 00:00:00,0.08,1.05,46.53,81.68682200016305
2013-04-22 00:00:00,0.0,1.54,39.65,81.07953029143411
2013-04-23 00:00:00,0.04,0.8,46.47,98.92234127736766
2013-04-24 00:00:00,0.82,1.12,50.94,81.6425802067905
2013-04-25 00:00:00,1.38,0.27,44.39,80.56007459190387
2013-04-26 00:00:00,1.01,0.32,34.35,61.715956335502206
2013-04-27 00:00:00,2.82,-0.78,26.75,56.49847046299153
2013-04-28 00:00:00,0.59,-1.87,19.36,48.33822433632804
2013-04-29 00:00:00,0.0,0.51,17.93,41.85604329812896
2013-04-30 00:00:00,1.74,0.57,23.03,46.98183649796601
2013-05-01 00:00:00,2.39,-1.55,20.85,45.0892194231814
2013-05-02 00:00:00,0.0,0.31,14.69,38.679353367284705
2013-05-03 00:00:00,1.84,-2.25,10.98,39.63931193735067
2013-05-04 00:00:00,0.46,-1.32,9.58,34.473554519229744
2013-05-05 00:00:00,0.09,1.38,15.19,31.76218853611451
2013-05-06 00:00:00,0.0,4.33,58.51,36.72992527889263
2013-05-07 00:00:00,0.32,6.82,152.32,79.61699938314794
2013-05-08 00:00:00,0.29,2.84,175.47,245.5474645461662
2013-05-09 00:00:00,2.24,9.19,352.72,205.9926390601944
2013-05-10 00:00:00,1.16,7.27,379.99,395.43266545900445
2013-05-11 00:00:00,0.3,5.97,397.57,400.46470842636614
2013-05-12 00:00:00,0.0,6.67,389.35,338.51897464586773
2013-05-13 00:00:00,0.44,4.91,382.26,316.2816670456008
2013-05-14 00:00:00,0.43,4.3,331.6,262.55032327769555
2013-05-15 00:00:00,0.03,2.43,213.69,214.56551858340782
2013-05-16 00:00:00,0.0,6.14,314.92,137.88912097714467
2013-05-17 00:00:00,0.0,9.67,443.62,188.65541524411566
2013-05-18 00:00:00,0.02,13.0,461.8,296.35747932674917
2013-05-19 00:00:00,0.11,14.09,420.89,429.5995876177394
2013-05-20 00:00:00,0.03,14.5,386.81,480.7400139155963
2013-05-21 00:00:00,3.85,11.96,384.51,521.6081411579083
2013-05-22 00:00:00,14.68,8.93,695.86,616.232774849312
2013-05-23 00:00:00,19.48,5.22,566.26,636.8778568619457
2013-05-24 00:00:00,0.01,8.82,302.32,328.7816245942386
2013-05-25 00:00:00,0.02,6.9,180.01,249.78913816247268
2013-05-26 00:00:00,0.0,8.59,134.54,178.1124177556369
2013-05-27 00:00:00,0.0,13.03,133.14,137.7948978094706
2013-05-28 00:00:00,0.03,11.24,155.33,167.6750261409483
2013-05-29 00:00:00,0.01,13.58,135.87,140.17757733947116
2013-05-30 00:00:00,0.0,15.17,124.83,137.86562742908217
2013-05-31 00:00:00,2.03,16.06,119.29,126.11253073717177
2013-06-01 00:00:00,0.45,16.65,97.21,110.65499839057044
2013-06-02 00:00:00,6.26,12.9,128.77,181.7961800914119
2013-06-03 00:00:00,20.72,6.64,333.59,385.63275773154277
2013-06-04 00:00:00,6.43,4.28,227.45,265.65743747841225
2013-06-05 00:00:00,5.76,4.45,192.36,195.05356735738292
2013-06-06 00:00:00,2.38,8.58,148.95,120.88491770927811
2013-06-07 00:00:00,0.0,8.13,98.86,63.87585089883529
2013-06-08 00:00:00,6.18,7.1,109.14,104.94433573618954
2013-06-09 00:00:00,14.81,5.15,295.03,237.74320841416304
2013-06-10 00:00:00,4.41,5.13,236.16,160.99475038490837
2013-06-11 00:00:00,2.23,4.51,141.25,99.11201200065236
2013-06-12 00:00:00,0.0,6.77,85.28,58.12469078911939
2013-06-13 00:00:00,0.21,13.2,62.23,48.34402644031252
2013-06-14 00:00:00,7.47,10.26,240.65,82.83366453197661
2013-06-15 00:00:00,14.66,6.98,332.85,226.0961743088393
2013-06-16 00:00:00,2.25,8.69,143.5,127.94653072738889
2013-06-17 00:00:00,3.58,8.73,134.4,102.04246591894389
2013-06-18 00:00:00,1.09,6.96,98.58,63.044575650543614
2013-06-19 00:00:00,0.86,9.87,63.84,55.05342823586182
2013-06-20 00:00:00,8.29,12.59,96.71,110.34554297625591
2013-06-21 00:00:00,0.61,10.51,71.2,62.236440237936236
2013-06-22 00:00:00,10.01,13.1,116.08,150.7521676930865
2013-06-23 00:00:00,7.14,10.6,148.59,158.31697625076964
2013-06-24 00:00:00,0.47,13.4,84.79,75.3954978857858
2013-06-25 00:00:00,1.01,11.87,52.53,58.896986927972144
2013-06-26 00:00:00,1.56,9.09,39.64,54.58668106131057
2013-06-27 00:00:00,3.19,9.17,46.12,57.91530703152867
2013-06-28 00:00:00,1.79,12.56,48.39,54.74799388601643
2013-06-29 00:00:00,0.75,12.63,36.34,47.81727637527312
2013-06-30 00:00:00,4.63,9.17,39.4,58.46766406219004
2013-07-01 00:00:00,0.2,12.57,28.51,48.58324855143605
2013-07-02 00:00:00,0.28,12.37,22.78,40.83566634263851
2013-07-03 00:00:00,0.01,9.38,19.64,33.404513461409834
2013-07-04 00:00:00,0.16,12.51,15.82,27.941372560229237
2013-07-05 00:00:00,1.34,15.05,14.72,28.373954818248123
2013-07-06 00:00:00,6.33,10.17,19.72,49.78774335561922
2013-07-07 00:00:00,0.02,16.46,16.25,40.75881577533143
2013-07-08 00:00:00,0.23,10.44,12.06,34.237159444583774
2013-07-09 00:00:00,1.79,11.91,10.51,35.40155672274534
2013-07-10 00:00:00,9.36,8.73,26.38,75.08099848079968
2013-07-11 00:00:00,0.74,6.16,26.8,57.72845669408244
2013-07-12 00:00:00,0.01,9.33,17.35,47.20691526866581
2013-07-13 00:00:00,0.06,14.6,15.57,38.81139592727885
2013-07-14 00:00:00,8.89,7.71,46.01,77.48321178384026
2013-07-15 00:00:00,2.21,8.79,34.54,64.21907167105786
2013-07-16 00:00:00,3.5,6.86,49.25,71.01041837703154
2013-07-17 00:00:00,12.01,9.48,93.55,186.60889199056666
2013-07-18 00:00:00,3.2,11.35,114.59,122.87646811997352
2013-07-19 00:00:00,2.82,8.29,86.35,89.99011418741578
2013-07-20 00:00:00,4.96,8.35,78.2,103.27631966966233
2013-07-21 00:00:00,2.98,10.85,65.75,83.4532453162266
2013-07-22 00:00:00,1.07,8.0,47.82,60.300435051153734
2013-07-23 00:00:00,0.11,11.56,28.31,49.71275979239404
2013-07-24 00:00:00,0.02,14.36,18.92,40.69754980049588
2013-07-25 00:00:00,0.02,16.27,14.22,33.33159378634743
2013-07-26 00:00:00,0.76,16.82,11.8,30.360371050317706
2013-07-27 00:00:00,0.08,16.37,13.23,25.127905481046504
2013-07-28 00:00:00,7.42,14.2,20.86,51.76685903792671
2013-07-29 00:00:00,0.57,17.72,12.94,44.634629928697876
2013-07-30 00:00:00,0.04,16.42,9.45,36.6288403759296
2013-07-31 00:00:00,12.14,14.73,72.68,114.15344796655353
2013-08-01 00:00:00,20.86,9.99,179.45,320.087159122116
2013-08-02 00:00:00,0.03,11.03,71.87,140.87139529916533
2013-08-03 00:00:00,0.93,17.13,35.2,73.5937632217944
2013-08-04 00:00:00,5.26,15.47,36.48,99.97648370401961
2013-08-05 00:00:00,0.33,13.9,25.27,59.59458364070877
2013-08-06 00:00:00,1.17,15.29,17.04,53.526481847826474
2013-08-07 00:00:00,1.74,12.88,14.83,50.95251810745738
2013-08-08 00:00:00,0.93,8.55,14.36,45.46486618174156
2013-08-09 00:00:00,9.65,11.92,23.54,104.06766776749012
2013-08-10 00:00:00,1.77,9.71,37.8,68.20375275918332
2013-08-11 00:00:00,3.35,11.19,44.03,72.84148847600285
2013-08-12 00:00:00,21.53,10.38,195.98,310.6243197363852
2013-08-13 00:00:00,10.31,9.18,377.86,269.7874416187838
2013-08-14 00:00:00,7.88,6.54,336.19,220.2198305556813
2013-08-15 00:00:00,1.06,5.55,131.53,110.08565055472059
2013-08-16 00:00:00,0.58,10.04,67.94,62.07488694174181
2013-08-17 00:00:00,8.01,11.39,100.42,124.28463953566651
2013-08-18 00:00:00,1.3,11.94,81.34,71.04613167097868
2013-08-19 00:00:00,3.0,10.25,64.37,69.56394920783052
2013-08-20 00:00:00,1.57,9.55,49.34,60.40162125107402
2013-08-21 00:00:00,3.1,10.45,33.58,62.28705923340046
2013-08-22 00:00:00,2.55,8.19,27.69,61.51159498470747
2013-08-23 00:00:00,0.48,6.0,22.91,52.22406535022129
2013-08-24 00:00:00,0.07,11.43,18.3,42.951235578946644
2013-08-25 00:00:00,0.04,12.88,14.91,35.25340832876962
2013-08-26 00:00:00,0.17,12.49,12.46,29.492945529624457
2013-08-27 00:00:00,0.08,12.47,10.91,24.41916788794347
2013-08-28 00:00:00,2.76,13.07,10.13,31.455043276940888
2013-08-29 00:00:00,1.46,5.87,9.91,31.746567029732358
2013-08-30 00:00:00,0.89,5.96,8.63,29.60595702326589
2013-08-31 00:00:00,0.08,11.64,23.7,24.51150491525666
2013-09-01 00:00:00,18.08,5.43,102.91,160.66839875452763
2013-09-02 00:00:00,0.71,6.63,40.61,79.47814007139968
2013-09-03 00:00:00,0.68,7.1,27.81,58.10868181762683
2013-09-04 00:00:00,0.57,7.91,20.87,49.81627158616083
2013-09-05 00:00:00,0.08,12.41,15.7,41.02451883685958
2013-09-06 00:00:00,0.04,13.97,12.5,33.67916759708494
2013-09-07 00:00:00,0.05,12.97,10.69,27.717966788564684
2013-09-08 00:00:00,0.04,12.3,9.37,22.806933098298757
2013-09-09 00:00:00,0.03,13.99,8.25,18.75405063992406
2013-09-10 00:00:00,0.02,11.1,7.03,15.402466260917139
2013-09-11 00:00:00,0.04,9.93,6.16,12.74444589496145
2013-09-12 00:00:00,0.02,7.73,5.78,10.492266248538723
2013-09-13 00:00:00,0.0,11.75,5.5,8.572797721287252
2013-09-14 00:00:00,1.62,11.16,5.25,13.720055054702748
2013-09-15 00:00:00,0.89,10.56,5.41,14.87723806764332
2013-09-16 00:00:00,1.41,10.61,6.19,17.99241681601576
2013-09-17 00:00:00,0.62,6.74,6.06,17.246183439663408
2013-09-18 00:00:00,0.02,6.77,5.82,14.170450203356777
2013-09-19 00:00:00,0.02,5.53,5.16,11.657395515751118
2013-09-20 00:00:00,0.0,5.33,4.58,9.524776759024174
2013-09-21 00:00:00,0.04,4.55,4.26,7.94202838337003
2013-09-22 00:00:00,1.72,3.97,4.29,13.623540321916199
2013-09-23 00:00:00,4.18,4.04,6.56,28.625931202616915
2013-09-24 00:00:00,11.0,2.97,41.38,64.17035650810615
2013-09-25 00:00:00,5.22,3.04,63.14,84.95976511917094
2013-09-26 00:00:00,0.28,0.38,36.76,56.60929683167037
2013-09-27 00:00:00,0.95,2.18,21.85,49.46038436620598
2013-09-28 00:00:00,15.8,2.64,25.64,171.8574436125748
2013-09-29 00:00:00,0.0,1.87,21.34,76.96234619848158
2013-09-30 00:00:00,0.51,5.0,16.24,56.85519329215366
2013-10-01 00:00:00,0.03,4.21,14.19,49.16336120410577
2013-10-02 00:00:00,0.0,3.79,11.98,41.42111339303284
2013-10-03 00:00:00,0.01,3.16,10.34,33.877609718067056
2013-10-04 00:00:00,0.0,4.57,9.22,27.724633943944074
2013-10-05 00:00:00,1.94,6.47,9.01,30.709011027750687
2013-10-06 00:00:00,1.34,5.19,10.68,34.64186326318487
2013-10-07 00:00:00,3.61,7.5,17.2,45.92870155765211
2013-10-08 00:00:00,4.32,8.84,29.57,61.087225769668436
2013-10-09 00:00:00,5.76,8.93,65.51,96.380024179882
2013-10-10 00:00:00,1.06,2.74,53.02,61.572309766869196
2013-10-11 00:00:00,1.53,0.14,34.12,53.037030951735225
2013-10-12 00:00:00,0.19,1.2,23.01,43.91179457572567
2013-10-13 00:00:00,0.04,3.24,18.31,38.30983017592353
2013-10-14 00:00:00,0.0,2.86,15.77,35.768385945867145
2013-10-15 00:00:00,0.09,4.14,13.72,29.50152673133614
2013-10-16 00:00:00,0.55,-1.7,14.22,25.630210928371007
2013-10-17 00:00:00,0.4,-2.3,11.89,20.948469103443994
2013-10-18 00:00:00,1.82,-2.08,10.83,17.225083298138497
2013-10-19 00:00:00,8.46,-1.62,10.35,19.05519879762798
2013-10-20 00:00:00,1.26,-9.02,7.39,16.43519190769767
2013-10-21 00:00:00,0.02,-6.32,5.65,13.621732628593247
2013-10-22 00:00:00,0.0,-0.45,7.28,11.21568993622005
2013-10-23 00:00:00,5.9,3.53,55.25,34.45924004503131
2013-10-24 00:00:00,1.89,8.89,98.28,68.55004907400867
2013-10-25 00:00:00,1.11,4.43,70.25,183.4328789755217
2013-10-26 00:00:00,0.12,2.34,37.11,86.35635673817517
2013-10-27 00:00:00,0.83,2.5,26.6,59.35162360827247
2013-10-28 00:00:00,6.5,3.7,49.96,97.83687958333341
2013-10-29 00:00:00,4.37,2.48,48.11,87.83587466599828
2013-10-30 00:00:00,1.34,0.84,39.8,61.234495269950614
2013-10-31 00:00:00,0.42,-1.39,28.9,50.3142026667733
2013-11-01 00:00:00,2.04,0.58,20.96,46.12418114701434
2013-11-02 00:00:00,0.0,1.51,18.66,38.77796633986903
2013-11-03 00:00:00,0.0,-1.12,14.27,33.78227011418322
2013-11-04 00:00:00,0.08,0.62,12.81,27.82350247475226
2013-11-05 00:00:00,2.08,0.37,13.43,26.820450252998675
2013-11-06 00:00:00,0.85,-0.67,13.67,22.923622085748264
2013-11-07 00:00:00,0.01,-4.86,8.8,19.074427948718622
2013-11-08 00:00:00,0.39,-4.64,8.4,15.648802217268102
2013-11-09 00:00:00,0.0,-2.69,8.4,12.859345802663935
2013-11-10 00:00:00,1.08,-2.53,8.95,10.801553416517638
2013-11-11 00:00:00,4.44,-3.81,7.85,8.997172792008344
2013-11-12 00:00:00,1.53,-1.18,7.77,8.277074047480339
2013-11-13 00:00:00,0.1,-2.12,8.16,8.361521702905451
2013-11-14 00:00:00,3.96,-1.35,7.69,9.390225606209048
2013-11-15 00:00:00,1.15,-0.91,7.58,9.691949806361096
2013-11-16 00:00:00,4.95,3.33,37.17,26.35545381564882
2013-11-17 00:00:00,1.57,2.92,59.34,55.21368695744358
2013-11-18 00:00:00,1.18,-1.2,29.96,70.19790783544599
2013-11-19 00:00:00,2.6,-2.33,19.73,54.091408448191814
2013-11-20 00:00:00,1.43,-8.2,15.83,44.47665522726616
2013-11-21 00:00:00,0.0,-9.4,7.71,36.440239055125346
2013-11-22 00:00:00,0.0,-13.62,2.7,30.04484378156331
2013-11-23 00:00:00,0.55,-4.68,6.27,24.661442408009375
2013-11-24 00:00:00,9.51,-3.98,11.64,20.651074470249473
2013-11-25 00:00:00,10.16,-3.94,12.42,17.231446155797286
2013-11-26 00:00:00,3.92,-2.52,12.98,14.674169342129087
2013-11-27 00:00:00,7.18,3.51,79.47,38.87546202388861
2013-11-28 00:00:00,17.45,0.23,117.0,175.34186524976184
2013-11-29 00:00:00,15.86,-1.7,68.33,120.9818099702925
2013-11-30 00:00:00,1.97,-4.21,44.85,63.27484747195001
2013-12-01 00:00:00,5.43,-1.19,37.98,54.40204129785344
2013-12-02 00:00:00,9.06,-2.64,28.79,47.3190102999012
2013-12-03 00:00:00,1.89,1.76,29.21,44.14116048449152
2013-12-04 00:00:00,4.93,-5.66,30.44,54.23238905291267
2013-12-05 00:00:00,10.4,-5.94,26.93,44.40512440104282
2013-12-06 00:00:00,3.63,-8.38,26.47,38.47231706458684
2013-12-07 00:00:00,7.35,-7.02,22.84,31.705165601955446
2013-12-08 00:00:00,0.3,-11.68,19.34,28.095266355018847
2013-12-09 00:00:00,0.5,-11.01,16.23,23.237648797161132
2013-12-10 00:00:00,3.99,-4.06,18.65,21.26767418833884
2013-12-11 00:00:00,0.01,1.63,30.76,17.680515021003526
2013-12-12 00:00:00,0.22,5.17,62.59,33.6135727858595
2013-12-13 00:00:00,6.26,1.26,96.16,173.09339384094335
2013-12-14 00:00:00,1.39,-3.17,54.6,114.8278485300082
2013-12-15 00:00:00,1.4,-2.19,35.82,61.72977798764181
2013-12-16 00:00:00,0.01,-0.76,27.91,51.616843373585695
2013-12-17 00:00:00,2.73,-0.04,22.5,48.84967143766387
2013-12-18 00:00:00,0.01,-2.03,20.53,42.537551454486085
2013-12-19 00:00:00,0.0,-1.36,18.0,36.15034178538966
2013-12-20 00:00:00,0.09,-0.29,14.76,31.26188347861429
2013-12-21 00:00:00,0.58,-5.36,16.0,27.86056789830154
2013-12-22 00:00:00,3.04,-0.23,18.21,26.365222747270472
2013-12-23 00:00:00,3.64,-4.55,15.94,24.549220148609503
2013-12-24 00:00:00,0.02,-5.11,13.11,20.83132907716993
2013-12-25 00:00:00,0.2,1.33,12.48,19.21393108761396
2013-12-26 00:00:00,0.01,0.51,10.23,26.857982433991882
2013-12-27 00:00:00,0.0,-0.82,8.74,27.021425839571005
2013-12-28 00:00:00,0.22,-0.02,9.09,24.505532574987964
2013-12-29 00:00:00,0.0,1.69,9.38,23.32738125692855
2013-12-30 00:00:00,0.04,-1.72,8.12,33.03888065130778
2013-12-31 00:00:00,3.01,-2.54,7.83,28.28731628632593
2014-01-01 00:00:00,0.98,-0.73,7.59,24.81151158448061
2014-01-02 00:00:00,0.0,0.1,7.36,23.34244614274978
2014-01-03 00:00:00,0.05,-0.44,7.03,24.88864256171107
2014-01-04 00:00:00,0.06,0.32,6.71,22.279464214211114
2014-01-05 00:00:00,1.03,-0.45,6.32,23.350256321621465
2014-01-06 00:00:00,0.01,0.24,6.38,20.914393739758367
2014-01-07 00:00:00,0.05,-0.47,5.98,20.806191237122732
2014-01-08 00:00:00,0.98,2.17,6.3,21.774353199388354
2014-01-09 00:00:00,0.4,-3.57,6.3,33.65821017729265
2014-01-10 00:00:00,1.12,-6.1,6.3,28.1588435311905
2014-01-11 00:00:00,2.75,-11.34,6.29,24.819875608745303
2014-01-12 00:00:00,0.35,-17.33,6.29,20.94359905994768
2014-01-13 00:00:00,0.05,-24.72,6.29,18.919328943019618
2014-01-14 00:00:00,0.01,-13.05,6.28,16.120366943759265
2014-01-15 00:00:00,0.07,-10.55,6.28,14.973709519437255
2014-01-16 00:00:00,0.84,-10.3,6.27,12.914723787338126
2014-01-17 00:00:00,0.14,-9.95,6.27,12.351500567273145
2014-01-18 00:00:00,0.06,-11.09,6.27,10.77125119511587
2014-01-19 00:00:00,0.04,-10.21,6.26,10.594689168679011
2014-01-20 00:00:00,0.0,-9.83,6.26,9.333395723629462
2014-01-21 00:00:00,0.0,-11.37,6.26,9.413440458983766
2014-01-22 00:00:00,0.0,-12.81,6.25,8.3658175158609
2014-01-23 00:00:00,0.0,-13.41,6.25,8.616458984917026
2014-01-24 00:00:00,0.0,-10.84,6.24,7.712216920596802
2014-01-25 00:00:00,0.0,-10.59,6.24,8.076038669324447
2014-01-26 00:00:00,0.02,-7.56,6.42,7.268739477661374
2014-01-27 00:00:00,0.01,-10.51,5.6,7.707571091365059
2014-01-28 00:00:00,0.55,-7.84,6.31,6.978722135487732
2014-01-29 00:00:00,0.02,-6.11,6.24,7.464758225514
2014-01-30 00:00:00,0.06,-9.86,6.61,6.779352816797168
2014-01-31 00:00:00,0.01,-8.58,7.52,7.295784258287592
2014-02-01 00:00:00,0.02,-8.39,7.02,6.639339698127183
2014-02-02 00:00:00,0.02,-5.68,6.85,7.175576418907718
2014-02-03 00:00:00,0.03,0.02,6.49,6.592007704812598
2014-02-04 00:00:00,0.0,-1.47,6.3,11.817233920110812
2014-02-05 00:00:00,0.01,-2.03,6.24,11.205116445311658
2014-02-06 00:00:00,0.0,-4.49,6.57,10.843742526292854
2014-02-07 00:00:00,0.04,-3.14,6.47,9.567717480409637
2014-02-08 00:00:00,0.22,-1.45,6.51,9.615575151567718
2014-02-09 00:00:00,0.01,-1.99,6.32,8.582746118336143
2014-02-10 00:00:00,0.01,0.13,6.26,8.711983235243904
2014-02-11 00:00:00,0.0,-0.27,5.68,9.993680963535354
2014-02-12 00:00:00,0.02,-2.55,5.28,12.78626201432647
2014-02-13 00:00:00,0.02,-2.47,5.17,11.095062959035156
2014-02-14 00:00:00,0.0,-1.65,4.8,10.765467374916932
2014-02-15 00:00:00,0.01,-0.52,4.61,9.749204784949153
2014-02-16 00:00:00,0.01,-1.09,4.41,10.087824129532374
2014-02-17 00:00:00,0.14,-2.38,4.19,8.888927191689671
2014-02-18 00:00:00,0.48,-3.83,3.87,8.960599933185037
2014-02-19 00:00:00,0.24,-6.08,3.54,7.971464211750929
2014-02-20 00:00:00,0.0,-7.9,3.71,8.204887312021041
2014-02-21 00:00:00,0.27,-6.06,3.69,7.358268834688348
2014-02-22 00:00:00,0.01,-3.24,3.66,7.69804778340332
2014-02-23 00:00:00,0.0,-0.6,3.65,6.94180332698054
2014-02-24 00:00:00,0.03,3.48,3.65,10.271608707506212
2014-02-25 00:00:00,0.28,3.54,3.83,39.576720839680355
2014-02-26 00:00:00,0.0,1.92,3.98,61.61626161076804
2014-02-27 00:00:00,0.02,0.42,3.82,60.76319432309832
2014-02-28 00:00:00,0.0,0.59,3.68,52.443433769299745
2014-03-01 00:00:00,0.0,0.6,3.62,47.395254107017735
2014-03-02 00:00:00,0.0,-1.22,3.55,43.732370260607276
2014-03-03 00:00:00,0.0,-1.44,3.5,36.27252247370287
2014-03-04 00:00:00,0.0,0.14,3.44,31.124340865066973
2014-03-05 00:00:00,0.0,-0.28,3.33,28.253395422467865
2014-03-06 00:00:00,0.19,1.64,3.28,26.053595251405365
2014-03-07 00:00:00,0.49,2.56,3.23,31.369909795238357
2014-03-08 00:00:00,3.07,0.63,3.82,49.397372084043496
2014-03-09 00:00:00,0.97,0.64,4.47,45.21658074765209
2014-03-10 00:00:00,0.65,2.96,5.8,43.498952729409986
2014-03-11 00:00:00,1.61,-0.14,5.61,55.01242381577138
2014-03-12 00:00:00,0.0,2.33,5.01,45.728787895768605
2014-03-13 00:00:00,0.06,3.08,5.65,48.43167912517367
2014-03-14 00:00:00,2.3,0.94,6.66,62.968971843093996
2014-03-15 00:00:00,4.74,-1.8,5.62,56.12460915624746
2014-03-16 00:00:00,9.8,-5.84,4.41,47.5499555405425
2014-03-17 00:00:00,11.27,-3.89,4.08,39.64199638368431
2014-03-18 00:00:00,4.42,-5.61,4.07,34.18571205597144
2014-03-19 00:00:00,1.92,-8.0,4.38,28.766815038009497
2014-03-20 00:00:00,2.69,-6.23,3.59,25.36003093903484
2014-03-21 00:00:00,3.2,0.86,3.54,31.68151176470852
2014-03-22 00:00:00,0.0,-0.19,3.52,37.23107751744415
2014-03-23 00:00:00,2.7,-0.02,3.37,42.650831101890894
2014-03-24 00:00:00,1.39,-1.32,3.19,42.16079822520722
2014-03-25 00:00:00,0.69,-4.53,3.13,36.22931820022682
2014-03-26 00:00:00,0.0,-3.71,3.11,31.798506508093812
2014-03-27 00:00:00,0.01,-2.01,3.06,27.223891132347084
2014-03-28 00:00:00,0.0,1.17,3.1,24.843737973759342
2014-03-29 00:00:00,0.04,3.32,4.01,32.89582425558302
2014-03-30 00:00:00,0.04,2.23,5.42,56.27553989707623
2014-03-31 00:00:00,0.14,-1.22,5.43,62.49117658339205
2014-04-01 00:00:00,2.14,-2.15,4.79,51.87113700701808
2014-04-02 00:00:00,0.04,-4.52,3.94,44.36306965806312
2014-04-03 00:00:00,0.49,-1.46,3.62,37.0890007767578
2014-04-04 00:00:00,0.17,-2.96,3.17,33.139658913281224
2014-04-05 00:00:00,0.0,-1.22,2.98,27.89051342438887
2014-04-06 00:00:00,0.08,1.99,3.05,25.88951853421923
2014-04-07 00:00:00,2.94,3.41,6.0,46.81034831525119
2014-04-08 00:00:00,1.96,2.97,21.28,80.5816709957626
2014-04-09 00:00:00,1.61,1.36,30.54,106.25108472638232
2014-04-10 00:00:00,0.05,0.57,24.61,64.11531633488084
2014-04-11 00:00:00,0.37,1.51,18.69,55.52566059615029
2014-04-12 00:00:00,1.28,1.02,18.92,54.62459564036202
2014-04-13 00:00:00,1.38,2.1,17.82,52.52128851071162
2014-04-14 00:00:00,4.02,1.87,20.71,62.509919921529
2014-04-15 00:00:00,11.52,-1.39,19.66,64.87086113601983
2014-04-16 00:00:00,0.13,-0.7,13.66,53.53796444529466
2014-04-17 00:00:00,0.1,4.25,15.59,46.4862360711661
2014-04-18 00:00:00,4.91,0.82,26.47,148.5886092107982
2014-04-19 00:00:00,0.41,1.51,23.08,79.25439212314271
2014-04-20 00:00:00,0.65,4.62,37.21,64.69834490738509
2014-04-21 00:00:00,0.01,5.06,85.23,116.80070689950779
2014-04-22 00:00:00,0.14,4.39,86.43,154.43142654737025
2014-04-23 00:00:00,0.0,1.88,75.92,146.84265996936463
2014-04-24 00:00:00,0.0,5.91,104.27,74.96389948981069
2014-04-25 00:00:00,0.0,5.17,111.86,123.98873050670191
2014-04-26 00:00:00,0.0,4.95,98.1,123.32566454592312
2014-04-27 00:00:00,0.0,6.09,106.37,118.83606566647434
2014-04-28 00:00:00,0.0,6.92,103.02,143.44232214293947
2014-04-29 00:00:00,3.97,1.87,104.86,192.71591415606176
2014-04-30 00:00:00,1.26,-1.66,67.2,93.97623967983016
2014-05-01 00:00:00,2.88,-2.73,44.17,58.46888822561905
2014-05-02 00:00:00,4.18,-1.55,34.34,50.753104853527404
2014-05-03 00:00:00,2.31,-1.13,28.53,44.79094139079639
2014-05-04 00:00:00,4.43,-2.0,24.95,38.01149279049068
2014-05-05 00:00:00,0.7,-1.7,22.56,32.9817614409636
2014-05-06 00:00:00,0.0,3.25,24.11,28.611780544922237
2014-05-07 00:00:00,0.06,2.87,34.55,52.64239565957991
2014-05-08 00:00:00,0.08,1.52,29.35,64.62791357980728
2014-05-09 00:00:00,0.01,2.26,23.8,58.533753748609
2014-05-10 00:00:00,0.17,3.4,32.15,55.87437293181359
2014-05-11 00:00:00,0.38,3.53,48.31,57.796524909629014
2014-05-12 00:00:00,0.29,4.8,92.8,59.341985657544754
2014-05-13 00:00:00,2.95,3.42,107.89,105.88141959740918
2014-05-14 00:00:00,0.01,0.11,69.21,77.82989550281711
2014-05-15 00:00:00,0.14,-0.88,47.05,55.486991158547184
2014-05-16 00:00:00,0.46,5.03,67.67,48.541869845791574
2014-05-17 00:00:00,0.14,10.01,166.86,61.111109900639775
2014-05-18 00:00:00,0.19,6.4,221.44,180.31147312636995
2014-05-19 00:00:00,0.0,13.8,364.59,168.3573788344314
2014-05-20 00:00:00,0.46,13.39,377.05,249.9249224689301
2014-05-21 00:00:00,0.02,11.24,323.48,286.20641979799683
2014-05-22 00:00:00,0.0,14.28,423.75,252.69761563872785
2014-05-23 00:00:00,0.58,14.51,445.11,244.65410809515086
2014-05-24 00:00:00,10.48,12.02,400.39,374.4338556715652
2014-05-25 00:00:00,3.57,10.76,288.77,283.43135586280175
2014-05-26 00:00:00,18.58,7.25,400.84,428.01792112572474
2014-05-27 00:00:00,0.72,5.8,228.79,221.5802772757505
2014-05-28 00:00:00,0.0,9.64,146.1,107.15084228174487
2014-05-29 00:00:00,0.0,11.19,108.71,65.12736759040234
2014-05-30 00:00:00,0.0,11.39,90.76,61.009400582762
2014-05-31 00:00:00,0.01,8.57,86.93,57.93801199378062
2014-06-01 00:00:00,0.0,5.43,56.02,54.02561678362467
2014-06-02 00:00:00,0.0,12.11,51.99,44.75940343276947
2014-06-03 00:00:00,0.0,14.83,63.46,45.524109120971914
2014-06-04 00:00:00,0.03,14.41,55.92,49.7027930292633
2014-06-05 00:00:00,1.07,12.29,67.79,59.17277871730126
2014-06-06 00:00:00,2.79,13.41,88.22,78.59955348416608
2014-06-07 00:00:00,0.01,13.22,64.58,55.22805056590063
2014-06-08 00:00:00,0.01,11.99,43.3,45.163936616560505
2014-06-09 00:00:00,22.64,14.74,150.89,271.4354129677443
2014-06-10 00:00:00,2.04,9.89,96.44,145.14419387015357
2014-06-11 00:00:00,0.64,16.51,60.24,71.77266504237035
2014-06-12 00:00:00,9.64,10.84,93.98,156.26999504418106
2014-06-13 00:00:00,13.44,8.58,162.97,242.54196839718307
2014-06-14 00:00:00,1.07,4.88,103.41,120.01202239413101
2014-06-15 00:00:00,0.01,9.32,46.59,61.15555426981238
2014-06-16 00:00:00,2.82,6.28,42.66,61.72345266574196
2014-06-17 00:00:00,1.26,4.41,40.19,55.64165700753218
2014-06-18 00:00:00,1.92,7.69,34.3,53.435385789270704
2014-06-19 00:00:00,5.23,7.48,61.75,66.4275580467389
2014-06-20 00:00:00,5.23,3.91,84.84,96.440962838801
2014-06-21 00:00:00,3.27,2.69,80.3,79.06611870603984
2014-06-22 00:00:00,26.71,2.52,393.54,338.393078412424
2014-06-23 00:00:00,8.25,4.72,278.03,255.18243499907925
2014-06-24 00:00:00,2.05,4.77,175.0,144.06415230875066
2014-06-25 00:00:00,0.54,6.38,111.11,76.07903715122373
2014-06-26 00:00:00,0.24,5.0,69.63,59.77529783761395
2014-06-27 00:00:00,0.29,5.22,45.95,52.27295740669785
2014-06-28 00:00:00,0.01,7.14,33.84,45.253875793062576
2014-06-29 00:00:00,0.07,7.11,26.93,39.71251759332503
2014-06-30 00:00:00,1.73,7.74,25.65,39.623795715525375
2014-07-01 00:00:00,0.85,9.28,26.22,35.875671961449775
2014-07-02 00:00:00,0.72,9.98,31.77,32.27286098939792
2014-07-03 00:00:00,2.94,13.09,23.59,38.63000642449669
2014-07-04 00:00:00,3.05,8.26,24.56,44.28764397244175
2014-07-05 00:00:00,0.04,15.57,17.84,36.34533247166483
2014-07-06 00:00:00,0.0,17.58,14.76,29.696271140270607
2014-07-07 00:00:00,0.0,18.03,12.72,24.26359754237995
2014-07-08 00:00:00,7.11,15.92,17.61,49.742754019869665
2014-07-09 00:00:00,1.77,16.29,16.24,47.98671177585954
2014-07-10 00:00:00,0.03,19.68,11.91,39.327408592937665
2014-07-11 00:00:00,0.83,18.61,10.45,35.55031398374501
2014-07-12 00:00:00,0.04,20.92,8.07,29.20642073963877
2014-07-13 00:00:00,4.2,16.05,16.72,41.44261468274965
2014-07-14 00:00:00,0.16,18.41,9.74,34.50897332458989
2014-07-15 00:00:00,1.34,15.81,7.31,33.74007034880633
2014-07-16 00:00:00,6.56,13.32,12.28,55.14879953550011
2014-07-17 00:00:00,2.09,12.96,13.87,53.74607202855647
2014-07-18 00:00:00,12.7,13.9,26.8,164.29255692782047
2014-07-19 00:00:00,1.44,11.59,31.18,90.40273516013626
2014-07-20 00:00:00,0.02,16.0,15.57,56.957408665737354
2014-07-21 00:00:00,0.0,18.55,9.92,46.53754790944848
2014-07-22 00:00:00,0.01,18.97,7.32,38.06328556508248
2014-07-23 00:00:00,0.42,19.42,6.56,32.81741431223537
2014-07-24 00:00:00,0.03,18.4,5.36,26.933201693375135
2014-07-25 00:00:00,0.0,19.38,4.25,22.006007533033507
2014-07-26 00:00:00,0.01,17.51,3.73,18.019576374240522
2014-07-27 00:00:00,1.08,17.36,4.43,19.181787533584625
2014-07-28 00:00:00,2.44,17.19,4.53,25.829435323694913
2014-07-29 00:00:00,0.19,14.41,4.11,21.87491241162398
2014-07-30 00:00:00,2.52,16.02,5.81,28.366307887525597
2014-07-31 00:00:00,7.99,12.42,8.64,56.837523783543
2014-08-01 00:00:00,2.97,12.26,6.28,58.82716410938668
2014-08-02 00:00:00,3.1,9.92,6.5,61.000635282959664
2014-08-03 00:00:00,0.01,15.71,5.81,49.8804773462845
2014-08-04 00:00:00,4.45,17.33,5.89,59.391808264308054
2014-08-05 00:00:00,9.96,16.94,13.7,142.97713417032267
2014-08-06 00:00:00,10.74,13.48,28.82,201.76246567367696
2014-08-07 00:00:00,6.8,12.76,52.09,176.27735796096908
2014-08-08 00:00:00,0.19,15.09,21.35,79.74221213236147
2014-08-09 00:00:00,0.12,13.35,13.36,55.836758378852714
2014-08-10 00:00:00,0.03,16.49,9.47,45.741357689922424
2014-08-11 00:00:00,0.01,13.26,6.84,37.4127513965834
2014-08-12 00:00:00,0.23,11.84,5.66,31.503228337430773
2014-08-13 00:00:00,0.0,10.69,5.0,25.739987692547526
2014-08-14 00:00:00,1.78,9.59,5.56,28.416954015455417
2014-08-15 00:00:00,4.66,9.85,8.82,42.74342612718709
2014-08-16 00:00:00,1.69,6.99,9.34,41.932641333359406
2014-08-17 00:00:00,1.04,8.96,7.51,38.553389691681545
2014-08-18 00:00:00,4.58,8.69,10.5,50.68693511698434
2014-08-19 00:00:00,26.42,8.23,280.13,334.19689967407766
2014-08-20 00:00:00,14.7,8.26,268.52,336.9519762966229
2014-08-21 00:00:00,11.63,8.84,216.34,298.4281684793386
2014-08-22 00:00:00,2.13,7.66,138.54,158.15159939842692
2014-08-23 00:00:00,2.75,8.01,75.61,104.57059250993173
2014-08-24 00:00:00,3.61,9.02,61.0,92.16975797071896
2014-08-25 00:00:00,2.89,8.97,47.73,77.41521143781252
2014-08-26 00:00:00,1.72,8.58,66.26,62.153592640884284
2014-08-27 00:00:00,3.54,8.3,74.59,66.35257206498882
2014-08-28 00:00:00,1.34,7.08,54.47,58.979936232640426
2014-08-29 00:00:00,0.06,7.56,33.95,48.43064546802368
2014-08-30 00:00:00,0.03,11.25,23.87,39.690128491045236
2014-08-31 00:00:00,0.0,9.88,17.25,32.429165923331276
2014-09-01 00:00:00,0.01,9.91,13.52,26.535908916736332
2014-09-02 00:00:00,0.44,10.91,11.47,23.481501539588923
2014-09-03 00:00:00,1.18,10.87,11.53,24.061710437267536
2014-09-04 00:00:00,1.71,11.74,10.01,26.75236983695412
2014-09-05 00:00:00,0.01,10.72,8.51,21.89763312381274
2014-09-06 00:00:00,0.03,10.57,7.51,18.0110991588438
2014-09-07 00:00:00,0.02,12.7,6.57,14.795431268365471
2014-09-08 00:00:00,0.03,12.36,5.89,12.208183140487888
2014-09-09 00:00:00,1.11,10.96,5.55,14.558661310342375
2014-09-10 00:00:00,1.47,8.3,7.62,17.98306138489885
2014-09-11 00:00:00,0.02,8.69,6.64,14.772522760432905
2014-09-12 00:00:00,0.16,10.08,5.87,12.717941926582684
2014-09-13 00:00:00,0.07,8.12,5.39,10.672412602048757
2014-09-14 00:00:00,0.04,11.49,4.91,8.879714266180992
2014-09-15 00:00:00,0.01,9.65,4.62,7.29462388624075
2014-09-16 00:00:00,0.0,10.31,4.35,5.9601361181929295
2014-09-17 00:00:00,0.0,10.73,3.82,4.869781239083815
2014-09-18 00:00:00,0.01,9.89,3.54,4.018273105302377
2014-09-19 00:00:00,0.0,9.09,3.34,3.2831651146332352
2014-09-20 00:00:00,0.01,8.12,3.27,2.721914551863851
2014-09-21 00:00:00,3.26,8.93,3.91,15.83390717825416
2014-09-22 00:00:00,4.97,3.39,10.68,31.21883513075399
2014-09-23 00:00:00,1.01,1.61,10.37,28.05095266184736
2014-09-24 00:00:00,2.62,2.86,10.08,32.936670552444006
2014-09-25 00:00:00,3.4,4.42,18.64,42.0669397482671
2014-09-26 00:00:00,0.81,7.04,16.82,39.247058793832466
2014-09-27 00:00:00,18.73,5.32,79.88,213.91476369823997
2014-09-28 00:00:00,11.77,6.73,98.02,246.2318365973462
2014-09-29 00:00:00,1.95,5.21,52.29,132.92268115445995
2014-09-30 00:00:00,1.08,2.33,43.64,68.7993550466405
2014-10-01 00:00:00,0.0,6.42,25.47,54.12232416921331
2014-10-02 00:00:00,4.19,7.22,29.56,62.47325427295636
2014-10-03 00:00:00,0.0,7.1,27.0,51.04431770850165
2014-10-04 00:00:00,0.0,8.93,17.81,41.706205329763705
2014-10-05 00:00:00,0.0,10.97,13.84,34.07641910195822
2014-10-06 00:00:00,0.0,9.04,11.26,27.84243566708788
2014-10-07 00:00:00,0.0,4.69,9.37,22.748905087605863
2014-10-08 00:00:00,0.55,3.3,8.53,20.565772635649214
2014-10-09 00:00:00,1.28,3.53,12.7,21.59155092446105
2014-10-10 00:00:00,1.62,3.46,13.86,23.965900059563936
2014-10-11 00:00:00,3.38,4.84,15.28,34.04535046911366
2014-10-12 00:00:00,0.14,3.83,14.45,29.198067752511392
2014-10-13 00:00:00,5.72,3.31,20.01,44.92685132670338
2014-10-14 00:00:00,0.65,3.79,23.3,39.533189943265626
2014-10-15 00:00:00,0.41,0.38,19.01,33.767747331857436
2014-10-16 00:00:00,0.0,0.3,14.14,27.870420199270594
2014-10-17 00:00:00,0.0,-1.77,9.96,22.878116070227755
2014-10-18 00:00:00,0.0,-0.58,7.89,18.69276442937283
2014-10-19 00:00:00,3.64,3.58,14.83,28.63368705462287
2014-10-20 00:00:00,0.31,5.53,18.99,26.52395237097582
2014-10-21 00:00:00,0.58,4.29,16.56,26.975560768575935
2014-10-22 00:00:00,1.99,2.63,15.14,30.0376221297065
2014-10-23 00:00:00,2.49,1.27,12.54,30.23201899194555
2014-10-24 00:00:00,2.9,3.46,15.88,35.36314493284461
2014-10-25 00:00:00,0.24,6.27,36.9,33.533898302293736
2014-10-26 00:00:00,0.0,5.62,26.32,30.747949960991154
2014-10-27 00:00:00,1.75,5.69,20.58,32.38302456019757
2014-10-28 00:00:00,2.09,3.76,21.77,35.1450968713741
2014-10-29 00:00:00,5.15,3.96,50.41,50.31560575382036
2014-10-30 00:00:00,2.69,0.01,31.22,44.21249194598747
2014-10-31 00:00:00,0.32,-1.78,17.77,36.89996417569789
2014-11-01 00:00:00,1.17,0.41,13.47,32.56447321385015
2014-11-02 00:00:00,0.95,3.95,17.02,32.402899227010494
2014-11-03 00:00:00,0.55,4.77,16.48,46.12758467543839
2014-11-04 00:00:00,1.94,0.82,13.81,46.96130606081851
2014-11-05 00:00:00,3.26,-3.04,11.11,38.42675750781968
2014-11-06 00:00:00,0.0,-4.37,7.53,31.445851996967857
2014-11-07 00:00:00,0.0,-4.5,9.93,25.748093864369682
2014-11-08 00:00:00,0.0,-2.03,5.67,21.086463632356157
2014-11-09 00:00:00,0.0,0.96,7.36,18.97351117867448
2014-11-10 00:00:00,0.4,4.69,14.14,23.958077631439814
2014-11-11 00:00:00,0.0,2.34,18.3,37.80067242838521
2014-11-12 00:00:00,0.0,-2.33,9.7,30.89599710517702
2014-11-13 00:00:00,0.0,0.86,8.23,25.256720601494088
2014-11-14 00:00:00,0.0,1.76,7.44,20.63652528131668
2014-11-15 00:00:00,0.0,2.58,6.56,16.874083398366068
2014-11-16 00:00:00,0.0,1.46,5.9,13.876907176975818
2014-11-17 00:00:00,0.0,-0.81,4.41,11.35103239138761
2014-11-18 00:00:00,0.0,-1.72,3.57,9.274460094138199
2014-11-19 00:00:00,0.0,-1.94,12.55,7.590516961793879
2014-11-20 00:00:00,0.0,-3.73,20.77,6.201898138309393
2014-11-21 00:00:00,0.0,-3.52,9.27,5.080007693560586
2014-11-22 00:00:00,0.0,-7.31,12.07,4.150664627438631
2014-11-23 00:00:00,0.02,-4.36,9.09,3.4044026660936058
2014-11-24 00:00:00,1.21,1.11,7.1,5.017870323617428
2014-11-25 00:00:00,3.86,0.72,4.97,14.07486868070768
2014-11-26 00:00:00,1.28,-1.48,3.76,12.631261290050997
2014-11-27 00:00:00,0.0,-4.28,2.66,10.387178606276084
2014-11-28 00:00:00,0.0,-3.09,2.45,8.526614600664994
2014-11-29 00:00:00,0.0,-4.79,2.78,7.033201906589741
2014-11-30 00:00:00,0.0,-4.49,2.94,5.786076299238153
2014-12-01 00:00:00,0.37,-2.87,2.94,4.802626608269484
2014-12-02 00:00:00,0.26,-1.96,2.84,3.9696064882927633
2014-12-03 00:00:00,1.12,-2.46,2.69,3.669258399321097
2014-12-04 00:00:00,1.91,3.08,2.93,9.967160681108952
2014-12-05 00:00:00,0.0,0.56,3.4,26.27038960135567
2014-12-06 00:00:00,0.79,-1.67,3.18,22.305261530341703
2014-12-07 00:00:00,0.83,-3.81,2.73,18.325944480713545
2014-12-08 00:00:00,0.48,-4.21,2.96,15.006733122651
2014-12-09 00:00:00,1.95,-4.29,3.68,12.409126422827093
2014-12-10 00:00:00,0.51,-2.72,2.93,10.184344057576377
2014-12-11 00:00:00,0.0,-2.0,2.83,8.468421265341796
2014-12-12 00:00:00,0.0,-2.24,2.55,8.92020802202256
2014-12-13 00:00:00,0.0,-7.32,4.27,7.429987987872187
2014-12-14 00:00:00,3.12,-7.84,4.76,6.188640030666293
2014-12-15 00:00:00,0.0,-2.95,5.0,5.19762828835553
2014-12-16 00:00:00,4.53,-4.58,3.47,6.098625961966155
2014-12-17 00:00:00,0.22,-12.29,2.61,5.128469505028254
2014-12-18 00:00:00,0.28,-10.1,2.58,4.417638448411952
2014-12-19 00:00:00,0.0,-6.08,2.51,3.754481835107296
2014-12-20 00:00:00,0.05,-8.13,2.66,3.2954032208969335
2014-12-21 00:00:00,10.44,-4.1,2.91,3.089852209344751
2014-12-22 00:00:00,1.68,-4.72,3.04,2.7922071216703004
2014-12-23 00:00:00,1.74,-6.49,3.05,2.719621923982008
2014-12-24 00:00:00,5.35,-4.92,3.24,2.6186116551564793
2014-12-25 00:00:00,0.15,-18.44,2.78,2.579863460727787
2014-12-26 00:00:00,9.68,-14.16,3.36,2.738991080583116
2014-12-27 00:00:00,1.48,-9.69,3.2,2.7126835374743297
2014-12-28 00:00:00,0.09,-18.09,3.2,2.84744750156149
2014-12-29 00:00:00,8.1,-10.0,3.97,2.9972913349815506
2014-12-30 00:00:00,15.12,-0.84,4.61,11.456938467798443
2014-12-31 00:00:00,2.87,3.89,5.96,23.94696779269094
2015-01-01 00:00:00,0.34,3.15,17.82,62.96327424445381
2015-01-02 00:00:00,4.12,1.25,30.51,147.70214237978672
2015-01-03 00:00:00,6.37,-2.5,24.73,104.46532536165347
2015-01-04 00:00:00,7.18,-4.67,19.02,59.51545210596237
2015-01-05 00:00:00,8.69,-3.69,14.5,49.905534024528365
2015-01-06 00:00:00,0.22,-3.02,13.85,41.40340992625944
2015-01-07 00:00:00,1.05,-0.26,13.91,36.31895907612823
2015-01-08 00:00:00,0.79,-1.68,12.55,34.31323108227369
2015-01-09 00:00:00,0.39,-5.09,9.98,29.80456261705316
2015-01-10 00:00:00,0.0,-13.03,7.36,25.28740568778803
2015-01-11 00:00:00,3.39,-7.83,8.07,21.729983934761727
2015-01-12 00:00:00,0.05,-12.49,7.5,18.68787130455995
2015-01-13 00:00:00,0.71,-8.28,7.32,16.351381860522274
2015-01-14 00:00:00,0.0,-6.36,6.91,14.289889386376316
2015-01-15 00:00:00,0.0,-4.76,6.91,12.754089273702624
2015-01-16 00:00:00,0.05,-1.83,6.65,11.374661712571887
2015-01-17 00:00:00,1.84,-0.97,6.27,11.986471707058644
2015-01-18 00:00:00,2.54,-2.9,5.39,12.477205056549577
2015-01-19 00:00:00,0.0,-8.67,4.63,11.2629041870726
2015-01-20 00:00:00,0.0,-6.52,4.13,10.221395555994478
2015-01-21 00:00:00,0.0,-6.69,4.63,9.415942496717626
2015-01-22 00:00:00,0.0,-6.39,3.88,8.708663609046345
2015-01-23 00:00:00,0.0,-14.36,3.12,8.176132559133954
2015-01-24 00:00:00,0.02,-9.64,3.5,7.69251437626047
2015-01-25 00:00:00,0.38,-6.21,2.87,7.351406250310021
2015-01-26 00:00:00,2.33,-5.19,3.5,7.072243905325869
2015-01-27 00:00:00,0.72,-4.73,3.37,6.858468211763671
2015-01-28 00:00:00,0.33,-2.14,3.37,6.6737660318932575
2015-01-29 00:00:00,0.58,-0.25,2.99,7.448246441881076
2015-01-30 00:00:00,0.79,-2.67,2.87,10.597602080538072
2015-01-31 00:00:00,0.0,-4.18,2.61,9.709492628342462
2015-02-01 00:00:00,0.42,-7.6,2.74,9.18033215790544
2015-02-02 00:00:00,3.63,-7.82,2.61,8.63014445227834
2015-02-03 00:00:00,1.79,-7.57,2.74,8.210203352601512
2015-02-04 00:00:00,2.42,-5.66,2.74,7.892925238982059
2015-02-05 00:00:00,0.58,-7.83,2.87,7.617951657437511
2015-02-06 00:00:00,2.5,-1.48,2.74,8.779244541256967
2015-02-07 00:00:00,4.6,1.06,3.37,18.02551279234544
2015-02-08 00:00:00,17.45,-6.25,3.61,27.07530751012577
2015-02-09 00:00:00,15.99,0.55,13.26,57.05085372110218
2015-02-10 00:00:00,0.41,2.57,72.81,57.14527222475991
2015-02-11 00:00:00,0.08,2.3,55.26,90.45246497458191
2015-02-12 00:00:00,1.03,0.13,32.33,117.29616560580028
2015-02-13 00:00:00,0.94,-3.39,21.52,68.2509472163882
2015-02-14 00:00:00,1.02,-2.51,15.6,55.807935580961264
2015-02-15 00:00:00,0.0,-2.57,11.53,46.42920367502879
2015-02-16 00:00:00,0.0,-4.2,8.45,42.168086271636646
2015-02-17 00:00:00,0.0,-3.91,8.27,35.38107779264992
2015-02-18 00:00:00,7.5,-2.43,7.83,31.650271007663335
2015-02-19 00:00:00,1.09,2.4,7.3,30.108682968966175
2015-02-20 00:00:00,0.29,1.86,11.15,48.534607819626736
2015-02-21 00:00:00,0.0,-1.87,13.26,52.69796067462461
2015-02-22 00:00:00,0.45,-3.07,10.94,44.003828528217475
2015-02-23 00:00:00,0.7,-5.28,8.74,37.98806062061619
2015-02-24 00:00:00,0.01,-1.8,7.39,31.98704230668581
2015-02-25 00:00:00,0.01,-1.48,6.29,28.771032368746265
2015-02-26 00:00:00,0.17,-1.85,5.6,24.539628378992482
2015-02-27 00:00:00,1.12,-0.62,5.31,22.686270295780822
2015-02-28 00:00:00,0.0,-1.0,4.89,19.814526911179943
2015-03-01 00:00:00,0.05,-0.31,4.81,19.338339939395272
2015-03-02 00:00:00,0.03,-0.36,4.55,17.62544031537585
2015-03-03 00:00:00,0.6,-4.06,3.87,16.887494667638663
2015-03-04 00:00:00,0.19,-5.48,3.89,14.784021606220128
2015-03-05 00:00:00,0.17,-5.0,3.44,14.064060787530206
2015-03-06 00:00:00,1.61,-1.46,3.48,13.356396347844312
2015-03-07 00:00:00,0.76,0.88,3.75,15.790564955518768
2015-03-08 00:00:00,4.36,2.94,4.86,35.71495206386176
2015-03-09 00:00:00,1.52,-0.71,5.13,53.792286769450456
2015-03-10 00:00:00,0.22,-0.33,5.19,44.81053026661156
2015-03-11 00:00:00,8.64,-0.5,6.68,44.64902728221422
2015-03-12 00:00:00,0.0,0.17,6.23,37.34814970141816
2015-03-13 00:00:00,0.01,1.24,5.38,38.06156158354586
2015-03-14 00:00:00,0.0,-1.49,4.89,39.45331907831568
2015-03-15 00:00:00,0.0,-1.65,4.61,34.127277126199395
2015-03-16 00:00:00,0.01,1.81,4.61,29.698955846319752
2015-03-17 00:00:00,0.0,2.27,5.19,38.20305790564109
2015-03-18 00:00:00,0.01,1.11,6.54,49.44371814230279
2015-03-19 00:00:00,0.39,1.81,6.61,49.61027697899445
2015-03-20 00:00:00,1.77,-1.18,6.12,54.68059992561376
2015-03-21 00:00:00,0.16,-7.13,4.86,45.46526120374502
2015-03-22 00:00:00,2.03,-5.78,4.66,39.31500090760859
2015-03-23 00:00:00,2.02,1.16,5.69,36.681688787528394
2015-03-24 00:00:00,3.92,1.23,10.55,47.45625932130957
2015-03-25 00:00:00,1.62,-5.07,8.44,47.52513654469635
2015-03-26 00:00:00,0.0,-5.07,6.68,39.87346665775125
2015-03-27 00:00:00,1.24,-3.39,5.5,34.52826755967467
2015-03-28 00:00:00,0.05,-2.92,4.78,29.251748337360926
2015-03-29 00:00:00,0.0,-0.12,4.69,25.84270614625261
2015-03-30 00:00:00,3.05,-1.29,4.78,29.226248146174488
2015-03-31 00:00:00,0.0,-4.9,4.31,25.354598136903498
2015-04-01 00:00:00,0.0,-5.48,4.02,22.25807017176109
2015-04-02 00:00:00,3.07,-2.46,4.02,19.731465641702137
2015-04-03 00:00:00,5.21,-2.18,3.92,17.786684287654825
2015-04-04 00:00:00,2.54,-3.52,3.79,16.334514364995748
2015-04-05 00:00:00,0.01,-6.16,3.42,14.995629830597245
2015-04-06 00:00:00,2.93,-1.97,3.75,13.930341692217755
2015-04-07 00:00:00,2.85,3.21,5.38,23.967270131277907
2015-04-08 00:00:00,3.67,1.46,18.08,61.52314624594411
2015-04-09 00:00:00,0.01,0.9,19.31,60.31440126711619
2015-04-10 00:00:00,1.68,1.01,19.24,61.846600620153595
2015-04-11 00:00:00,0.0,2.71,25.63,58.0054813813405
2015-04-12 00:00:00,7.99,3.32,38.8,172.57347122828594
2015-04-13 00:00:00,0.24,0.04,36.57,163.19584894736067
2015-04-14 00:00:00,1.2,-4.18,21.47,77.4831137780562
2015-04-15 00:00:00,0.94,0.41,16.43,59.01864575650276
2015-04-16 00:00:00,4.74,0.24,15.26,60.84662614924874
2015-04-17 00:00:00,3.97,-0.09,19.09,59.567586853250134
2015-04-18 00:00:00,2.02,0.38,28.44,53.90588767882565
2015-04-19 00:00:00,2.8,1.07,40.99,55.34258984904099
2015-04-20 00:00:00,0.02,2.8,67.75,52.23955778411481
2015-04-21 00:00:00,0.01,3.03,74.06,62.369814606138725
2015-04-22 00:00:00,0.02,3.95,83.96,82.07628872573163
2015-04-23 00:00:00,5.99,1.94,130.32,177.1428451371876
2015-04-24 00:00:00,0.66,-2.36,65.51,108.6576843926295
2015-04-25 00:00:00,0.43,-1.26,40.37,61.01565380392232
2015-04-26 00:00:00,2.14,2.48,84.16,58.70170141539094
2015-04-27 00:00:00,0.1,-0.53,74.44,64.61313052011668
2015-04-28 00:00:00,0.0,0.22,51.47,52.85463371277912
2015-04-29 00:00:00,0.73,0.19,42.37,49.927250677591935
2015-04-30 00:00:00,0.76,-0.49,32.7,42.257195902620666
2015-05-01 00:00:00,3.09,-0.51,26.09,39.41160554877186
2015-05-02 00:00:00,1.63,-1.05,23.11,33.76696676929036
2015-05-03 00:00:00,0.54,-1.98,19.91,30.36383065834006
2015-05-04 00:00:00,0.0,0.24,21.15,25.33374786255186
2015-05-05 00:00:00,1.09,2.56,42.37,32.72521796082238
2015-05-06 00:00:00,1.24,6.08,223.52,47.48971452190107
2015-05-07 00:00:00,0.06,7.12,281.89,139.58824272428853
2015-05-08 00:00:00,3.46,5.49,267.23,266.59343876778064
2015-05-09 00:00:00,2.71,1.34,173.67,249.6026070803265
2015-05-10 00:00:00,0.03,3.47,132.23,121.1527208503152
2015-05-11 00:00:00,1.27,2.36,114.54,129.45507480152332
2015-05-12 00:00:00,1.85,5.34,150.52,110.98868455215411
2015-05-13 00:00:00,1.54,4.94,198.44,176.70702020255453
2015-05-14 00:00:00,5.22,1.75,199.65,200.94000298450172
2015-05-15 00:00:00,2.62,-0.33,123.95,108.74536880891267
2015-05-16 00:00:00,0.09,1.56,104.48,61.11116417655295
2015-05-17 00:00:00,5.81,2.76,140.41,105.77373149911942
2015-05-18 00:00:00,3.58,1.63,129.37,103.4498980841406
2015-05-19 00:00:00,0.0,3.97,118.83,61.80569993366961
2015-05-20 00:00:00,0.12,3.65,129.18,71.08969988080995
2015-05-21 00:00:00,1.78,3.09,147.44,99.96545038362588
2015-05-22 00:00:00,0.36,6.18,153.41,84.57705403057665
2015-05-23 00:00:00,8.24,2.26,155.92,227.87573846478077
2015-05-24 00:00:00,1.45,0.69,117.57,130.8925302453658
2015-05-25 00:00:00,3.31,4.6,145.82,102.23385703721317
2015-05-26 00:00:00,2.94,3.07,173.9,146.84594394320203
2015-05-27 00:00:00,2.15,3.26,180.43,113.8279897330834
2015-05-28 00:00:00,0.34,3.38,164.45,84.06504964960409
2015-05-29 00:00:00,3.42,5.56,198.2,111.74412608239442
2015-05-30 00:00:00,9.54,2.37,176.81,216.89170195984082
2015-05-31 00:00:00,8.33,4.37,237.08,216.7588046161808
2015-06-01 00:00:00,3.97,4.02,233.91,196.47709374889155
2015-06-02 00:00:00,4.21,4.12,207.19,183.8664133536908
2015-06-03 00:00:00,0.28,3.74,165.53,129.17731978954725
2015-06-04 00:00:00,6.33,3.74,183.64,176.52967173526957
2015-06-05 00:00:00,2.21,4.62,156.34,143.61143293092934
2015-06-06 00:00:00,2.69,8.04,183.87,151.5094028808352
2015-06-07 00:00:00,10.24,6.05,309.55,292.3104724853935
2015-06-08 00:00:00,4.54,4.72,249.44,249.46704667713075
2015-06-09 00:00:00,2.2,3.04,168.59,175.89681700842655
2015-06-10 00:00:00,1.16,6.94,141.8,107.95347535094768
2015-06-11 00:00:00,5.11,5.69,227.12,189.9231400758411
2015-06-12 00:00:00,2.95,6.28,221.98,178.13234669189674
2015-06-13 00:00:00,0.59,6.83,172.78,143.17528211126137
2015-06-14 00:00:00,5.16,4.61,156.13,182.4155926009117
2015-06-15 00:00:00,5.02,2.43,143.2,156.50023305837726
2015-06-16 00:00:00,3.11,2.78,135.31,108.15658865243985
2015-06-17 00:00:00,2.13,2.81,114.18,80.25715250599606
2015-06-18 00:00:00,0.44,8.04,113.83,59.63708936404093
2015-06-19 00:00:00,6.31,7.06,169.47,164.2742239573475
2015-06-20 00:00:00,0.91,7.05,158.45,138.97118752822757
2015-06-21 00:00:00,0.03,8.77,128.43,111.99628957715346
2015-06-22 00:00:00,0.29,11.76,135.51,100.16736388195324
2015-06-23 00:00:00,5.78,10.37,159.94,189.66375600861872
2015-06-24 00:00:00,0.4,5.02,118.29,148.1248901688312
2015-06-25 00:00:00,2.44,5.93,113.65,114.77387674465926
2015-06-26 00:00:00,13.16,4.85,267.79,246.38498995017807
2015-06-27 00:00:00,1.37,5.93,181.8,142.75005577715316
2015-06-28 00:00:00,0.01,9.01,124.69,80.42023892984048
2015-06-29 00:00:00,2.9,13.37,139.62,94.98504270683979
2015-06-30 00:00:00,3.36,8.88,160.37,124.339659506956
2015-07-01 00:00:00,2.1,9.43,125.06,103.3857274286889
2015-07-02 00:00:00,2.16,14.24,132.61,97.09992111197774
2015-07-03 00:00:00,0.03,20.02,142.6,85.41728273451604
2015-07-04 00:00:00,0.11,15.92,109.99,103.77673760100932
2015-07-05 00:00:00,0.0,12.51,69.34,94.47429838008559
2015-07-06 00:00:00,0.01,17.13,63.65,70.59981070228861
2015-07-07 00:00:00,24.81,10.82,300.0,374.5581732544962
2015-07-08 00:00:00,2.22,6.33,141.01,192.72872849646745
2015-07-09 00:00:00,1.58,5.21,101.46,104.68158668286357
2015-07-10 00:00:00,7.26,4.55,162.08,139.65829944577024
2015-07-11 00:00:00,1.93,5.16,129.37,85.88398738108202
2015-07-12 00:00:00,0.01,11.8,72.4,56.270695692873
2015-07-13 00:00:00,0.02,14.69,60.52,46.05576856965871
2015-07-14 00:00:00,7.77,10.94,131.46,81.0131475560973
2015-07-15 00:00:00,1.73,8.29,72.59,62.71047701497723
2015-07-16 00:00:00,5.85,7.57,138.05,97.72990001063579
2015-07-17 00:00:00,5.85,5.23,168.59,118.24275906509216
2015-07-18 00:00:00,0.69,9.88,83.55,63.69870045883704
2015-07-19 00:00:00,2.18,8.73,63.81,61.109755638361484
2015-07-20 00:00:00,3.01,9.1,55.79,62.48636253815074
2015-07-21 00:00:00,2.54,8.82,42.62,61.63237254816857
2015-07-22 00:00:00,2.62,9.54,48.77,61.27117844421425
2015-07-23 00:00:00,5.19,9.63,75.0,85.5422643290257
2015-07-24 00:00:00,2.79,6.37,84.16,73.21454369286876
2015-07-25 00:00:00,5.68,7.77,60.52,105.27025467740641
2015-07-26 00:00:00,1.59,9.32,41.49,66.41930722192207
2015-07-27 00:00:00,7.2,7.71,79.39,122.08049668809944
2015-07-28 00:00:00,0.91,8.45,53.08,65.16264367419714
2015-07-29 00:00:00,2.85,10.32,43.65,65.12381261186744
2015-07-30 00:00:00,5.24,9.6,57.34,95.84568669091878
2015-07-31 00:00:00,1.05,6.46,60.68,61.99081800574883
2015-08-01 00:00:00,1.42,6.04,42.24,56.52879458008462
2015-08-02 00:00:00,0.79,9.08,32.81,49.438533259504375
2015-08-03 00:00:00,6.67,6.82,53.38,75.14878837921265
2015-08-04 00:00:00,0.0,9.84,31.44,54.694755300787044
2015-08-05 00:00:00,4.26,13.38,48.49,62.52177031652092
2015-08-06 00:00:00,11.24,12.56,119.73,167.38628520741347
2015-08-07 00:00:00,0.71,13.87,49.05,82.42701549703109
2015-08-08 00:00:00,3.67,11.8,40.0,83.22646946844868
2015-08-09 00:00:00,2.99,8.17,38.2,74.78139918765898
2015-08-10 00:00:00,0.41,11.91,26.55,56.31834360521447
2015-08-11 00:00:00,0.03,14.27,19.54,46.13484110269179
2015-08-12 00:00:00,1.0,11.18,18.29,41.82012225230488
2015-08-13 00:00:00,1.24,7.41,18.01,39.29593986111322
2015-08-14 00:00:00,0.0,10.48,13.85,32.107090662525806
2015-08-15 00:00:00,0.0,15.22,10.94,26.233378676146224
2015-08-16 00:00:00,0.02,15.66,8.7,21.513516517063202
2015-08-17 00:00:00,0.0,14.4,7.43,17.577806453400008
2015-08-18 00:00:00,0.0,14.57,6.58,14.362100192598806
2015-08-19 00:00:00,0.0,15.84,5.66,11.734679323559659
2015-08-20 00:00:00,0.0,15.55,4.86,9.587922168774503
2015-08-21 00:00:00,0.0,15.61,4.23,7.833895497247514
2015-08-22 00:00:00,0.0,14.58,3.84,6.400752695058537
2015-08-23 00:00:00,0.0,14.54,3.53,5.2297908591828985
2015-08-24 00:00:00,0.01,14.39,3.6,4.312422107788542
2015-08-25 00:00:00,0.01,15.32,3.51,3.5628779621061004
2015-08-26 00:00:00,0.3,15.39,3.42,4.133682017777939
2015-08-27 00:00:00,0.88,14.17,3.44,7.002990196327827
2015-08-28 00:00:00,18.81,11.44,34.99,126.24453351750815
2015-08-29 00:00:00,6.72,8.44,36.34,142.0858208248118
2015-08-30 00:00:00,0.3,9.7,16.63,66.11927596931525
2015-08-31 00:00:00,2.27,9.02,13.44,62.8445779852412
