2012-09-01 00:00:00,0,5.81,5.81,13.63
2012-09-02 00:00:00,1.58,11.47,11.47,11.91
2012-09-03 00:00:00,6.26,9.04,9.04,22.62
2012-09-04 00:00:00,1.46,8.25,8.25,26.66
2012-09-05 00:00:00,0.69,9.51,9.51,21.53
2012-09-06 00:00:00,3.2,3.22,3.22,29.07
2012-09-07 00:00:00,3.66,4.26,4.26,39.08
2012-09-08 00:00:00,7.24,4.13,4.13,110.95
2012-09-09 00:00:00,3.6,2.23,2.23,72.26
2012-09-10 00:00:00,1.48,6.02,6.02,41.40
2012-09-11 00:00:00,0.06,11.16,11.16,29.41
2012-09-12 00:00:00,4.6,6.52,6.52,39.35
2012-09-13 00:00:00,0.58,4.95,4.95,24.43
2012-09-14 00:00:00,8.33,5.17,5.17,40.14
2012-09-15 00:00:00,3.29,5.79,5.79,63.34
2012-09-16 00:00:00,0.88,6.42,6.42,39.27
2012-09-17 00:00:00,3.49,8.54,8.54,27.67
2012-09-18 00:00:00,0.31,5.58,5.58,30.55
2012-09-19 00:00:00,9.85,4.21,4.21,61.55
2012-09-20 00:00:00,3.26,2.05,2.05,61.66
2012-09-21 00:00:00,0.26,1.37,1.37,33.28
2012-09-22 00:00:00,0,1.47,1.47,23.99
2012-09-23 00:00:00,0.03,1.19,1.19,20.19
2012-09-24 00:00:00,0,1.21,1.21,16.58
2012-09-25 00:00:00,0.01,2.37,2.37,13.84
2012-09-26 00:00:00,1.8,2.74,2.74,12.35
2012-09-27 00:00:00,0.2,2.92,2.92,11.11
2012-09-28 00:00:00,1.92,4.86,4.86,12.57
2012-09-29 00:00:00,0.79,4.81,4.81,13.04
2012-09-30 00:00:00,3.41,4.97,4.97,13.17
2012-10-01 00:00:00,0.28,5.55,5.55,13.78
2012-10-02 00:00:00,0,6.34,6.34,10.40
2012-10-03 00:00:00,0.02,4.98,4.98,8.79
2012-10-04 00:00:00,0.19,5.38,5.38,8.39
2012-10-05 00:00:00,0.02,2.99,2.99,7.75
2012-10-06 00:00:00,0,1.00,1.00,6.78
2012-10-07 00:00:00,3.88,2.49,2.49,45.41
2012-10-08 00:00:00,24.86,2.88,2.88,220.55
2012-10-09 00:00:00,8.81,1.51,1.51,98.36
2012-10-10 00:00:00,2.8,-0.68,-0.68,64.49
2012-10-11 00:00:00,2.54,-0.05,-0.05,51.01
2012-10-12 00:00:00,0.08,-1.09,-1.09,36.23
2012-10-13 00:00:00,0,-1.18,-1.18,24.60
2012-10-14 00:00:00,0.07,-1.15,-1.15,20.55
2012-10-15 00:00:00,0.02,-0.35,-0.35,17.22
2012-10-16 00:00:00,0.03,-0.69,-0.69,14.58
2012-10-17 00:00:00,0.01,-0.54,-0.54,12.46
2012-10-18 00:00:00,0.03,0.83,0.83,13.44
2012-10-19 00:00:00,2.98,2.14,2.14,27.01
2012-10-20 00:00:00,0.33,0.06,0.06,34.80
2012-10-21 00:00:00,1.89,1.45,1.45,27.62
2012-10-22 00:00:00,0.12,2.32,2.32,25.91
2012-10-23 00:00:00,0.72,1.21,1.21,24.10
2012-10-24 00:00:00,4.37,1.60,1.60,27.71
2012-10-25 00:00:00,4.04,-3.01,-3.01,26.48
2012-10-26 00:00:00,16.71,-6.16,-6.16,16.80
2012-10-27 00:00:00,10.57,-3.95,-3.95,18.64
2012-10-28 00:00:00,6.16,-4.77,-4.77,19.69
2012-10-29 00:00:00,0.5,-9.69,-9.69,18.84
2012-10-30 00:00:00,0.02,-7.96,-7.96,25.80
2012-10-31 00:00:00,0.02,-9.26,-9.26,34.32
2012-11-01 00:00:00,2.01,-2.83,-2.83,49.58
2012-11-02 00:00:00,0.63,0.77,0.77,43.97
2012-11-03 00:00:00,0.01,0.40,0.40,32.54
2012-11-04 00:00:00,0.1,-0.74,-0.74,21.37
2012-11-05 00:00:00,0,-2.96,-2.96,15.39
2012-11-06 00:00:00,0.02,-6.72,-6.72,12.99
2012-11-07 00:00:00,4.12,-4.39,-4.39,12.21
2012-11-08 00:00:00,1.7,-4.60,-4.60,10.37
2012-11-09 00:00:00,0.44,-5.90,-5.90,10.82
2012-11-10 00:00:00,0.27,-2.85,-2.85,10.09
2012-11-11 00:00:00,0.07,1.88,1.88,14.43
2012-11-12 00:00:00,2.72,0.00,0.00,21.73
2012-11-13 00:00:00,2.65,-1.87,-1.87,18.35
2012-11-14 00:00:00,5.85,-0.46,-0.46,17.65
2012-11-15 00:00:00,2,0.38,0.38,21.99
2012-11-16 00:00:00,0.51,-0.33,-0.33,17.12
2012-11-17 00:00:00,0,0.81,0.81,16.93
2012-11-18 00:00:00,0.05,0.30,0.30,17.75
2012-11-19 00:00:00,0,-3.10,-3.10,12.62
2012-11-20 00:00:00,3.64,-1.87,-1.87,11.34
2012-11-21 00:00:00,0.67,1.97,1.97,18.98
2012-11-22 00:00:00,0.78,3.49,3.49,78.42
2012-11-23 00:00:00,0,1.82,1.82,50.47
2012-11-24 00:00:00,0.16,2.48,2.48,41.20
2012-11-25 00:00:00,0,-3.96,-3.96,20.58
2012-11-26 00:00:00,0,-6.12,-6.12,16.48
2012-11-27 00:00:00,0,-4.55,-4.55,19.58
2012-11-28 00:00:00,0,-3.88,-3.88,19.20
2012-11-29 00:00:00,0,-5.96,-5.96,17.60
2012-11-30 00:00:00,0,-9.18,-9.18,8.36
2012-12-01 00:00:00,0,-11.27,-11.27,7.45
2012-12-02 00:00:00,0,-14.69,-14.69,6.94
2012-12-03 00:00:00,0,-19.52,-19.52,6.69
2012-12-04 00:00:00,0,-18.75,-18.75,6.77
2012-12-05 00:00:00,0.07,-20.61,-20.61,6.63
2012-12-06 00:00:00,0.2,-18.03,-18.03,6.63
2012-12-07 00:00:00,0.02,-18.05,-18.05,6.77
2012-12-08 00:00:00,0,-13.66,-13.66,6.91
2012-12-09 00:00:00,0,-17.18,-17.18,7.05
2012-12-10 00:00:00,0.01,-8.92,-8.92,7.12
2012-12-11 00:00:00,1.39,-11.94,-11.94,7.12
2012-12-12 00:00:00,1.88,-8.53,-8.53,7.44
2012-12-13 00:00:00,0.01,-12.28,-12.28,7.67
2012-12-14 00:00:00,0,-14.64,-14.64,8.39
2012-12-15 00:00:00,0,-12.42,-12.42,9.26
2012-12-16 00:00:00,0.15,-6.59,-6.59,8.00
2012-12-17 00:00:00,0,-2.61,-2.61,7.78
2012-12-18 00:00:00,0,-4.14,-4.14,7.57
2012-12-19 00:00:00,0,-5.87,-5.87,7.60
2012-12-20 00:00:00,1.4,-7.68,-7.68,7.37
2012-12-21 00:00:00,0.56,-8.23,-8.23,7.55
2012-12-22 00:00:00,0.01,-9.62,-9.62,7.11
2012-12-23 00:00:00,0.03,-11.28,-11.28,6.58
2012-12-24 00:00:00,0,-10.07,-10.07,5.80
2012-12-25 00:00:00,0.01,-9.98,-9.98,4.95
2012-12-26 00:00:00,0,-11.05,-11.05,4.46
2012-12-27 00:00:00,0.8,-8.63,-8.63,4.06
2012-12-28 00:00:00,4.51,-8.02,-8.02,3.92
2012-12-29 00:00:00,1.46,-7.43,-7.43,3.99
2012-12-30 00:00:00,0.7,-1.48,-1.48,3.98
2012-12-31 00:00:00,0.62,-2.05,-2.05,4.00
2013-01-01 00:00:00,3.37,-1.82,-1.82,3.89
2013-01-02 00:00:00,2.82,-4.37,-4.37,3.89
2013-01-03 00:00:00,4.47,-2.69,-2.69,4.06
2013-01-04 00:00:00,2.9,0.06,0.06,8.87
2013-01-05 00:00:00,3.41,-0.60,-0.60,14.01
2013-01-06 00:00:00,6.35,0.97,0.97,17.05
2013-01-07 00:00:00,1.62,-0.15,-0.15,14.36
2013-01-08 00:00:00,3.06,-1.60,-1.60,13.10
2013-01-09 00:00:00,1.01,-1.98,-1.98,12.12
2013-01-10 00:00:00,0.02,-5.16,-5.16,11.18
2013-01-11 00:00:00,0,-9.69,-9.69,9.04
2013-01-12 00:00:00,0,-14.30,-14.30,6.58
2013-01-13 00:00:00,0,-15.51,-15.51,4.69
2013-01-14 00:00:00,0,-18.09,-18.09,4.40
2013-01-15 00:00:00,0,-18.19,-18.19,4.40
2013-01-16 00:00:00,0,-19.01,-19.01,4.39
2013-01-17 00:00:00,0,-15.09,-15.09,4.39
2013-01-18 00:00:00,0,-17.91,-17.91,4.38
2013-01-19 00:00:00,0,-18.55,-18.55,4.37
2013-01-20 00:00:00,1.43,-10.71,-10.71,4.37
2013-01-21 00:00:00,0,-10.86,-10.86,4.36
2013-01-22 00:00:00,0,-15.61,-15.61,4.36
2013-01-23 00:00:00,0,-17.09,-17.09,4.35
2013-01-24 00:00:00,0.94,-13.41,-13.41,4.35
2013-01-25 00:00:00,0,-14.59,-14.59,4.34
2013-01-26 00:00:00,0.62,-14.50,-14.50,4.34
2013-01-27 00:00:00,0,-11.22,-11.22,4.33
2013-01-28 00:00:00,5.35,-8.65,-8.65,4.33
2013-01-29 00:00:00,0.72,-4.78,-4.78,4.32
2013-01-30 00:00:00,0.89,-4.60,-4.60,4.32
2013-01-31 00:00:00,1.1,-2.57,-2.57,4.31
2013-02-01 00:00:00,4.94,-5.44,-5.44,4.30
2013-02-02 00:00:00,5.85,-4.94,-4.94,4.30
2013-02-03 00:00:00,6.03,-3.98,-3.98,4.29
2013-02-04 00:00:00,0,-9.04,-9.04,4.29
2013-02-05 00:00:00,0.83,-8.19,-8.19,4.28
2013-02-06 00:00:00,2.56,-6.08,-6.08,4.28
2013-02-07 00:00:00,0.56,-8.07,-8.07,4.27
2013-02-08 00:00:00,0.06,-12.52,-12.52,4.27
2013-02-09 00:00:00,0,-15.26,-15.26,4.26
2013-02-10 00:00:00,0,-16.19,-16.19,4.25
2013-02-11 00:00:00,0.54,-10.37,-10.37,4.25
2013-02-12 00:00:00,0.27,-8.90,-8.90,4.25
2013-02-13 00:00:00,0.02,-8.94,-8.94,4.24
2013-02-14 00:00:00,0.01,-9.41,-9.41,4.23
2013-02-15 00:00:00,0,-8.51,-8.51,4.23
2013-02-16 00:00:00,0.39,-8.97,-8.97,4.22
2013-02-17 00:00:00,0.82,-5.94,-5.94,4.22
2013-02-18 00:00:00,7.19,-1.85,-1.85,4.21
2013-02-19 00:00:00,5.54,-4.64,-4.64,4.21
2013-02-20 00:00:00,0,-10.13,-10.13,4.20
2013-02-21 00:00:00,0,-9.94,-9.94,4.20
2013-02-22 00:00:00,0.98,-6.29,-6.29,4.19
2013-02-23 00:00:00,2.25,-2.60,-2.60,4.18
2013-02-24 00:00:00,0.03,-2.92,-2.92,4.18
2013-02-25 00:00:00,0.19,-2.85,-2.85,4.18
2013-02-26 00:00:00,0,-5.01,-5.01,4.17
2013-02-27 00:00:00,0,-0.55,-0.55,4.16
2013-02-28 00:00:00,2.74,-0.25,-0.25,5.99
2013-03-01 00:00:00,14.56,-2.93,-2.93,7.03
2013-03-02 00:00:00,11.26,-2.95,-2.95,8.57
2013-03-03 00:00:00,17.13,-3.44,-3.44,7.63
2013-03-04 00:00:00,13.2,-3.36,-3.36,7.15
2013-03-05 00:00:00,1.04,-1.26,-1.26,7.03
2013-03-06 00:00:00,0.67,-2.06,-2.06,7.08
2013-03-07 00:00:00,5.04,-6.57,-6.57,6.85
2013-03-08 00:00:00,0.19,-9.73,-9.73,7.01
2013-03-09 00:00:00,0,-13.60,-13.60,6.69
2013-03-10 00:00:00,0,-14.98,-14.98,6.64
2013-03-11 00:00:00,1.47,-12.67,-12.67,7.34
2013-03-12 00:00:00,4.98,-6.52,-6.52,6.64
2013-03-13 00:00:00,2.45,-10.83,-10.83,6.48
2013-03-14 00:00:00,1.47,-12.40,-12.40,6.01
2013-03-15 00:00:00,0,-13.22,-13.22,5.83
2013-03-16 00:00:00,0,-11.73,-11.73,5.81
2013-03-17 00:00:00,0,-7.57,-7.57,5.55
2013-03-18 00:00:00,0,-5.89,-5.89,5.32
2013-03-19 00:00:00,0,-8.78,-8.78,5.30
2013-03-20 00:00:00,0,-11.51,-11.51,5.25
2013-03-21 00:00:00,0,-11.03,-11.03,5.09
2013-03-22 00:00:00,0,-10.72,-10.72,5.02
2013-03-23 00:00:00,0,-13.20,-13.20,5.25
2013-03-24 00:00:00,0,-9.47,-9.47,5.04
2013-03-25 00:00:00,0,-6.47,-6.47,4.73
2013-03-26 00:00:00,0.04,-5.84,-5.84,4.62
2013-03-27 00:00:00,0.02,-6.86,-6.86,4.60
2013-03-28 00:00:00,4.1,-5.67,-5.67,4.60
2013-03-29 00:00:00,0.16,-5.80,-5.80,4.62
2013-03-30 00:00:00,0,-8.16,-8.16,4.61
2013-03-31 00:00:00,0.02,-7.77,-7.77,4.58
2013-04-01 00:00:00,3.08,-4.95,-4.95,4.57
2013-04-02 00:00:00,1.79,-3.33,-3.33,4.53
2013-04-03 00:00:00,0.03,-4.04,-4.04,4.51
2013-04-04 00:00:00,0.63,-1.43,-1.43,4.52
2013-04-05 00:00:00,1.06,-5.61,-5.61,4.52
2013-04-06 00:00:00,0.17,-5.38,-5.38,4.48
2013-04-07 00:00:00,2.07,-5.13,-5.13,4.43
2013-04-08 00:00:00,2.52,-5.60,-5.60,4.31
2013-04-09 00:00:00,0.11,-8.25,-8.25,4.12
2013-04-10 00:00:00,0.06,-6.88,-6.88,3.82
2013-04-11 00:00:00,0,-5.81,-5.81,3.48
2013-04-12 00:00:00,0,-4.55,-4.55,3.26
2013-04-13 00:00:00,0,-2.47,-2.47,3.14
2013-04-14 00:00:00,0,-2.00,-2.00,3.08
2013-04-15 00:00:00,0.15,1.02,1.02,4.41
2013-04-16 00:00:00,0.02,3.72,3.72,20.23
2013-04-17 00:00:00,0.05,3.17,3.17,74.64
2013-04-18 00:00:00,0.17,3.12,3.12,115.68
2013-04-19 00:00:00,3.87,2.91,2.91,123.77
2013-04-20 00:00:00,3.69,-2.44,-2.44,71.01
2013-04-21 00:00:00,0.08,1.05,1.05,46.53
2013-04-22 00:00:00,0,1.54,1.54,39.65
2013-04-23 00:00:00,0.04,0.80,0.80,46.47
2013-04-24 00:00:00,0.82,1.12,1.12,50.94
2013-04-25 00:00:00,1.38,0.27,0.27,44.39
2013-04-26 00:00:00,1.01,0.32,0.32,34.35
2013-04-27 00:00:00,2.82,-0.78,-0.78,26.75
2013-04-28 00:00:00,0.59,-1.87,-1.87,19.36
2013-04-29 00:00:00,0,0.51,0.51,17.93
2013-04-30 00:00:00,1.74,0.57,0.57,23.03
2013-05-01 00:00:00,2.39,-1.55,-1.55,20.85
2013-05-02 00:00:00,0,0.31,0.31,14.69
2013-05-03 00:00:00,1.84,-2.25,-2.25,10.98
2013-05-04 00:00:00,0.46,-1.32,-1.32,9.58
2013-05-05 00:00:00,0.09,1.38,1.38,15.19
2013-05-06 00:00:00,0,4.33,4.33,58.51
2013-05-07 00:00:00,0.32,6.82,6.82,152.32
2013-05-08 00:00:00,0.29,2.84,2.84,175.47
2013-05-09 00:00:00,2.24,9.19,9.19,352.72
2013-05-10 00:00:00,1.16,7.27,7.27,379.99
2013-05-11 00:00:00,0.3,5.97,5.97,397.57
2013-05-12 00:00:00,0,6.67,6.67,389.35
2013-05-13 00:00:00,0.44,4.91,4.91,382.26
2013-05-14 00:00:00,0.43,4.30,4.30,331.60
2013-05-15 00:00:00,0.03,2.43,2.43,213.69
2013-05-16 00:00:00,0,6.14,6.14,314.92
2013-05-17 00:00:00,0,9.67,9.67,443.62
2013-05-18 00:00:00,0.02,13.00,13.00,461.80
2013-05-19 00:00:00,0.11,14.09,14.09,420.89
2013-05-20 00:00:00,0.03,14.50,14.50,386.81
2013-05-21 00:00:00,3.85,11.96,11.96,384.51
2013-05-22 00:00:00,14.68,8.93,8.93,695.86
2013-05-23 00:00:00,19.48,5.22,5.22,566.26
2013-05-24 00:00:00,0.01,8.82,8.82,302.32
2013-05-25 00:00:00,0.02,6.90,6.90,180.01
2013-05-26 00:00:00,0,8.59,8.59,134.54
2013-05-27 00:00:00,0,13.03,13.03,133.14
2013-05-28 00:00:00,0.03,11.24,11.24,155.33
2013-05-29 00:00:00,0.01,13.58,13.58,135.87
2013-05-30 00:00:00,0,15.17,15.17,124.83
2013-05-31 00:00:00,2.03,16.06,16.06,119.29
2013-06-01 00:00:00,0.45,16.65,16.65,97.21
2013-06-02 00:00:00,6.26,12.90,12.90,128.77
2013-06-03 00:00:00,20.72,6.64,6.64,333.59
2013-06-04 00:00:00,6.43,4.28,4.28,227.45
2013-06-05 00:00:00,5.76,4.45,4.45,192.36
2013-06-06 00:00:00,2.38,8.58,8.58,148.95
2013-06-07 00:00:00,0,8.13,8.13,98.86
2013-06-08 00:00:00,6.18,7.10,7.10,109.14
2013-06-09 00:00:00,14.81,5.15,5.15,295.03
2013-06-10 00:00:00,4.41,5.13,5.13,236.16
2013-06-11 00:00:00,2.23,4.51,4.51,141.25
2013-06-12 00:00:00,0,6.77,6.77,85.28
2013-06-13 00:00:00,0.21,13.20,13.20,62.23
2013-06-14 00:00:00,7.47,10.26,10.26,240.65
2013-06-15 00:00:00,14.66,6.98,6.98,332.85
2013-06-16 00:00:00,2.25,8.69,8.69,143.50
2013-06-17 00:00:00,3.58,8.73,8.73,134.40
2013-06-18 00:00:00,1.09,6.96,6.96,98.58
2013-06-19 00:00:00,0.86,9.87,9.87,63.84
2013-06-20 00:00:00,8.29,12.59,12.59,96.71
2013-06-21 00:00:00,0.61,10.51,10.51,71.20
2013-06-22 00:00:00,10.01,13.10,13.10,116.08
2013-06-23 00:00:00,7.14,10.60,10.60,148.59
2013-06-24 00:00:00,0.47,13.40,13.40,84.79
2013-06-25 00:00:00,1.01,11.87,11.87,52.53
2013-06-26 00:00:00,1.56,9.09,9.09,39.64
2013-06-27 00:00:00,3.19,9.17,9.17,46.12
2013-06-28 00:00:00,1.79,12.56,12.56,48.39
2013-06-29 00:00:00,0.75,12.63,12.63,36.34
2013-06-30 00:00:00,4.63,9.17,9.17,39.40
2013-07-01 00:00:00,0.2,12.57,12.57,28.51
2013-07-02 00:00:00,0.28,12.37,12.37,22.78
2013-07-03 00:00:00,0.01,9.38,9.38,19.64
2013-07-04 00:00:00,0.16,12.51,12.51,15.82
2013-07-05 00:00:00,1.34,15.05,15.05,14.72
2013-07-06 00:00:00,6.33,10.17,10.17,19.72
2013-07-07 00:00:00,0.02,16.46,16.46,16.25
2013-07-08 00:00:00,0.23,10.44,10.44,12.06
2013-07-09 00:00:00,1.79,11.91,11.91,10.51
2013-07-10 00:00:00,9.36,8.73,8.73,26.38
2013-07-11 00:00:00,0.74,6.16,6.16,26.80
2013-07-12 00:00:00,0.01,9.33,9.33,17.35
2013-07-13 00:00:00,0.06,14.60,14.60,15.57
2013-07-14 00:00:00,8.89,7.71,7.71,46.01
2013-07-15 00:00:00,2.21,8.79,8.79,34.54
2013-07-16 00:00:00,3.5,6.86,6.86,49.25
2013-07-17 00:00:00,12.01,9.48,9.48,93.55
2013-07-18 00:00:00,3.2,11.35,11.35,114.59
2013-07-19 00:00:00,2.82,8.29,8.29,86.35
2013-07-20 00:00:00,4.96,8.35,8.35,78.20
2013-07-21 00:00:00,2.98,10.85,10.85,65.75
2013-07-22 00:00:00,1.07,8.00,8.00,47.82
2013-07-23 00:00:00,0.11,11.56,11.56,28.31
2013-07-24 00:00:00,0.02,14.36,14.36,18.92
2013-07-25 00:00:00,0.02,16.27,16.27,14.22
2013-07-26 00:00:00,0.76,16.82,16.82,11.80
2013-07-27 00:00:00,0.08,16.37,16.37,13.23
2013-07-28 00:00:00,7.42,14.20,14.20,20.86
2013-07-29 00:00:00,0.57,17.72,17.72,12.94
2013-07-30 00:00:00,0.04,16.42,16.42,9.45
2013-07-31 00:00:00,12.14,14.73,14.73,72.68
2013-08-01 00:00:00,20.86,9.99,9.99,179.45
2013-08-02 00:00:00,0.03,11.03,11.03,71.87
2013-08-03 00:00:00,0.93,17.13,17.13,35.20
2013-08-04 00:00:00,5.26,15.47,15.47,36.48
2013-08-05 00:00:00,0.33,13.90,13.90,25.27
2013-08-06 00:00:00,1.17,15.29,15.29,17.04
2013-08-07 00:00:00,1.74,12.88,12.88,14.83
2013-08-08 00:00:00,0.93,8.55,8.55,14.36
2013-08-09 00:00:00,9.65,11.92,11.92,23.54
2013-08-10 00:00:00,1.77,9.71,9.71,37.80
2013-08-11 00:00:00,3.35,11.19,11.19,44.03
2013-08-12 00:00:00,21.53,10.38,10.38,195.98
2013-08-13 00:00:00,10.31,9.18,9.18,377.86
2013-08-14 00:00:00,7.88,6.54,6.54,336.19
2013-08-15 00:00:00,1.06,5.55,5.55,131.53
2013-08-16 00:00:00,0.58,10.04,10.04,67.94
2013-08-17 00:00:00,8.01,11.39,11.39,100.42
2013-08-18 00:00:00,1.3,11.94,11.94,81.34
2013-08-19 00:00:00,3,10.25,10.25,64.37
2013-08-20 00:00:00,1.57,9.55,9.55,49.34
2013-08-21 00:00:00,3.1,10.45,10.45,33.58
2013-08-22 00:00:00,2.55,8.19,8.19,27.69
2013-08-23 00:00:00,0.48,6.00,6.00,22.91
2013-08-24 00:00:00,0.07,11.43,11.43,18.30
2013-08-25 00:00:00,0.04,12.88,12.88,14.91
2013-08-26 00:00:00,0.17,12.49,12.49,12.46
2013-08-27 00:00:00,0.08,12.47,12.47,10.91
2013-08-28 00:00:00,2.76,13.07,13.07,10.13
2013-08-29 00:00:00,1.46,5.87,5.87,9.91
2013-08-30 00:00:00,0.89,5.96,5.96,8.63
2013-08-31 00:00:00,0.08,11.64,11.64,23.70
2013-09-01 00:00:00,18.08,5.43,5.43,102.91
2013-09-02 00:00:00,0.71,6.63,6.63,40.61
2013-09-03 00:00:00,0.68,7.10,7.10,27.81
2013-09-04 00:00:00,0.57,7.91,7.91,20.87
2013-09-05 00:00:00,0.08,12.41,12.41,15.70
2013-09-06 00:00:00,0.04,13.97,13.97,12.50
2013-09-07 00:00:00,0.05,12.97,12.97,10.69
2013-09-08 00:00:00,0.04,12.30,12.30,9.37
2013-09-09 00:00:00,0.03,13.99,13.99,8.25
2013-09-10 00:00:00,0.02,11.10,11.10,7.03
2013-09-11 00:00:00,0.04,9.93,9.93,6.16
2013-09-12 00:00:00,0.02,7.73,7.73,5.78
2013-09-13 00:00:00,0,11.75,11.75,5.50
2013-09-14 00:00:00,1.62,11.16,11.16,5.25
2013-09-15 00:00:00,0.89,10.56,10.56,5.41
2013-09-16 00:00:00,1.41,10.61,10.61,6.19
2013-09-17 00:00:00,0.62,6.74,6.74,6.06
2013-09-18 00:00:00,0.02,6.77,6.77,5.82
2013-09-19 00:00:00,0.02,5.53,5.53,5.16
2013-09-20 00:00:00,0,5.33,5.33,4.58
2013-09-21 00:00:00,0.04,4.55,4.55,4.26
2013-09-22 00:00:00,1.72,3.97,3.97,4.29
2013-09-23 00:00:00,4.18,4.04,4.04,6.56
2013-09-24 00:00:00,11,2.97,2.97,41.38
2013-09-25 00:00:00,5.22,3.04,3.04,63.14
2013-09-26 00:00:00,0.28,0.38,0.38,36.76
2013-09-27 00:00:00,0.95,2.18,2.18,21.85
2013-09-28 00:00:00,15.8,2.64,2.64,25.64
2013-09-29 00:00:00,0,1.87,1.87,21.34
2013-09-30 00:00:00,0.51,5.00,5.00,16.24
2013-10-01 00:00:00,0.03,4.21,4.21,14.19
2013-10-02 00:00:00,0,3.79,3.79,11.98
2013-10-03 00:00:00,0.01,3.16,3.16,10.34
2013-10-04 00:00:00,0,4.57,4.57,9.22
2013-10-05 00:00:00,1.94,6.47,6.47,9.01
2013-10-06 00:00:00,1.34,5.19,5.19,10.68
2013-10-07 00:00:00,3.61,7.50,7.50,17.20
2013-10-08 00:00:00,4.32,8.84,8.84,29.57
2013-10-09 00:00:00,5.76,8.93,8.93,65.51
2013-10-10 00:00:00,1.06,2.74,2.74,53.02
2013-10-11 00:00:00,1.53,0.14,0.14,34.12
2013-10-12 00:00:00,0.19,1.20,1.20,23.01
2013-10-13 00:00:00,0.04,3.24,3.24,18.31
2013-10-14 00:00:00,0,2.86,2.86,15.77
2013-10-15 00:00:00,0.09,4.14,4.14,13.72
2013-10-16 00:00:00,0.55,-1.70,-1.70,14.22
2013-10-17 00:00:00,0.4,-2.30,-2.30,11.89
2013-10-18 00:00:00,1.82,-2.08,-2.08,10.83
2013-10-19 00:00:00,8.46,-1.62,-1.62,10.35
2013-10-20 00:00:00,1.26,-9.02,-9.02,7.39
2013-10-21 00:00:00,0.02,-6.32,-6.32,5.65
2013-10-22 00:00:00,0,-0.45,-0.45,7.28
2013-10-23 00:00:00,5.9,3.53,3.53,55.25
2013-10-24 00:00:00,1.89,8.89,8.89,98.28
2013-10-25 00:00:00,1.11,4.43,4.43,70.25
2013-10-26 00:00:00,0.12,2.34,2.34,37.11
2013-10-27 00:00:00,0.83,2.50,2.50,26.60
2013-10-28 00:00:00,6.5,3.70,3.70,49.96
2013-10-29 00:00:00,4.37,2.48,2.48,48.11
2013-10-30 00:00:00,1.34,0.84,0.84,39.80
2013-10-31 00:00:00,0.42,-1.39,-1.39,28.90
2013-11-01 00:00:00,2.04,0.58,0.58,20.96
2013-11-02 00:00:00,0,1.51,1.51,18.66
2013-11-03 00:00:00,0,-1.12,-1.12,14.27
2013-11-04 00:00:00,0.08,0.62,0.62,12.81
2013-11-05 00:00:00,2.08,0.37,0.37,13.43
2013-11-06 00:00:00,0.85,-0.67,-0.67,13.67
2013-11-07 00:00:00,0.01,-4.86,-4.86,8.80
2013-11-08 00:00:00,0.39,-4.64,-4.64,8.40
2013-11-09 00:00:00,0,-2.69,-2.69,8.40
2013-11-10 00:00:00,1.08,-2.53,-2.53,8.95
2013-11-11 00:00:00,4.44,-3.81,-3.81,7.85
2013-11-12 00:00:00,1.53,-1.18,-1.18,7.77
2013-11-13 00:00:00,0.1,-2.12,-2.12,8.16
2013-11-14 00:00:00,3.96,-1.35,-1.35,7.69
2013-11-15 00:00:00,1.15,-0.91,-0.91,7.58
2013-11-16 00:00:00,4.95,3.33,3.33,37.17
2013-11-17 00:00:00,1.57,2.92,2.92,59.34
2013-11-18 00:00:00,1.18,-1.20,-1.20,29.96
2013-11-19 00:00:00,2.6,-2.33,-2.33,19.73
2013-11-20 00:00:00,1.43,-8.20,-8.20,15.83
2013-11-21 00:00:00,0,-9.40,-9.40,7.71
2013-11-22 00:00:00,0,-13.62,-13.62,2.70
2013-11-23 00:00:00,0.55,-4.68,-4.68,6.27
2013-11-24 00:00:00,9.51,-3.98,-3.98,11.64
2013-11-25 00:00:00,10.16,-3.94,-3.94,12.42
2013-11-26 00:00:00,3.92,-2.52,-2.52,12.98
2013-11-27 00:00:00,7.18,3.51,3.51,79.47
2013-11-28 00:00:00,17.45,0.23,0.23,117.00
2013-11-29 00:00:00,15.86,-1.70,-1.70,68.33
2013-11-30 00:00:00,1.97,-4.21,-4.21,44.85
2013-12-01 00:00:00,5.43,-1.19,-1.19,37.98
2013-12-02 00:00:00,9.06,-2.64,-2.64,28.79
2013-12-03 00:00:00,1.89,1.76,1.76,29.21
2013-12-04 00:00:00,4.93,-5.66,-5.66,30.44
2013-12-05 00:00:00,10.4,-5.94,-5.94,26.93
2013-12-06 00:00:00,3.63,-8.38,-8.38,26.47
2013-12-07 00:00:00,7.35,-7.02,-7.02,22.84
2013-12-08 00:00:00,0.3,-11.68,-11.68,19.34
2013-12-09 00:00:00,0.5,-11.01,-11.01,16.23
2013-12-10 00:00:00,3.99,-4.06,-4.06,18.65
2013-12-11 00:00:00,0.01,1.63,1.63,30.76
2013-12-12 00:00:00,0.22,5.17,5.17,62.59
2013-12-13 00:00:00,6.26,1.26,1.26,96.16
2013-12-14 00:00:00,1.39,-3.17,-3.17,54.60
2013-12-15 00:00:00,1.4,-2.19,-2.19,35.82
2013-12-16 00:00:00,0.01,-0.76,-0.76,27.91
2013-12-17 00:00:00,2.73,-0.04,-0.04,22.50
2013-12-18 00:00:00,0.01,-2.03,-2.03,20.53
2013-12-19 00:00:00,0,-1.36,-1.36,18.00
2013-12-20 00:00:00,0.09,-0.29,-0.29,14.76
2013-12-21 00:00:00,0.58,-5.36,-5.36,16.00
2013-12-22 00:00:00,3.04,-0.23,-0.23,18.21
2013-12-23 00:00:00,3.64,-4.55,-4.55,15.94
2013-12-24 00:00:00,0.02,-5.11,-5.11,13.11
2013-12-25 00:00:00,0.2,1.33,1.33,12.48
2013-12-26 00:00:00,0.01,0.51,0.51,10.23
2013-12-27 00:00:00,0,-0.82,-0.82,8.74
2013-12-28 00:00:00,0.22,-0.02,-0.02,9.09
2013-12-29 00:00:00,0,1.69,1.69,9.38
2013-12-30 00:00:00,0.04,-1.72,-1.72,8.12
2013-12-31 00:00:00,3.01,-2.54,-2.54,7.83
2014-01-01 00:00:00,0.98,-0.73,-0.73,7.59
2014-01-02 00:00:00,0,0.10,0.10,7.36
2014-01-03 00:00:00,0.05,-0.44,-0.44,7.03
2014-01-04 00:00:00,0.06,0.32,0.32,6.71
2014-01-05 00:00:00,1.03,-0.45,-0.45,6.32
2014-01-06 00:00:00,0.01,0.24,0.24,6.38
2014-01-07 00:00:00,0.05,-0.47,-0.47,5.98
2014-01-08 00:00:00,0.98,2.17,2.17,6.30
2014-01-09 00:00:00,0.4,-3.57,-3.57,6.30
2014-01-10 00:00:00,1.12,-6.10,-6.10,6.30
2014-01-11 00:00:00,2.75,-11.34,-11.34,6.29
2014-01-12 00:00:00,0.35,-17.33,-17.33,6.29
2014-01-13 00:00:00,0.05,-24.72,-24.72,6.29
2014-01-14 00:00:00,0.01,-13.05,-13.05,6.28
2014-01-15 00:00:00,0.07,-10.55,-10.55,6.28
2014-01-16 00:00:00,0.84,-10.30,-10.30,6.27
2014-01-17 00:00:00,0.14,-9.95,-9.95,6.27
2014-01-18 00:00:00,0.06,-11.09,-11.09,6.27
2014-01-19 00:00:00,0.04,-10.21,-10.21,6.26
2014-01-20 00:00:00,0,-9.83,-9.83,6.26
2014-01-21 00:00:00,0,-11.37,-11.37,6.26
2014-01-22 00:00:00,0,-12.81,-12.81,6.25
2014-01-23 00:00:00,0,-13.41,-13.41,6.25
2014-01-24 00:00:00,0,-10.84,-10.84,6.24
2014-01-25 00:00:00,0,-10.59,-10.59,6.24
2014-01-26 00:00:00,0.02,-7.56,-7.56,6.42
2014-01-27 00:00:00,0.01,-10.51,-10.51,5.60
2014-01-28 00:00:00,0.55,-7.84,-7.84,6.31
2014-01-29 00:00:00,0.02,-6.11,-6.11,6.24
2014-01-30 00:00:00,0.06,-9.86,-9.86,6.61
2014-01-31 00:00:00,0.01,-8.58,-8.58,7.52
2014-02-01 00:00:00,0.02,-8.39,-8.39,7.02
2014-02-02 00:00:00,0.02,-5.68,-5.68,6.85
2014-02-03 00:00:00,0.03,0.02,0.02,6.49
2014-02-04 00:00:00,0,-1.47,-1.47,6.30
2014-02-05 00:00:00,0.01,-2.03,-2.03,6.24
2014-02-06 00:00:00,0,-4.49,-4.49,6.57
2014-02-07 00:00:00,0.04,-3.14,-3.14,6.47
2014-02-08 00:00:00,0.22,-1.45,-1.45,6.51
2014-02-09 00:00:00,0.01,-1.99,-1.99,6.32
2014-02-10 00:00:00,0.01,0.13,0.13,6.26
2014-02-11 00:00:00,0,-0.27,-0.27,5.68
2014-02-12 00:00:00,0.02,-2.55,-2.55,5.28
2014-02-13 00:00:00,0.02,-2.47,-2.47,5.17
2014-02-14 00:00:00,0,-1.65,-1.65,4.80
2014-02-15 00:00:00,0.01,-0.52,-0.52,4.61
2014-02-16 00:00:00,0.01,-1.09,-1.09,4.41
2014-02-17 00:00:00,0.14,-2.38,-2.38,4.19
2014-02-18 00:00:00,0.48,-3.83,-3.83,3.87
2014-02-19 00:00:00,0.24,-6.08,-6.08,3.54
2014-02-20 00:00:00,0,-7.90,-7.90,3.71
2014-02-21 00:00:00,0.27,-6.06,-6.06,3.69
2014-02-22 00:00:00,0.01,-3.24,-3.24,3.66
2014-02-23 00:00:00,0,-0.60,-0.60,3.65
2014-02-24 00:00:00,0.03,3.48,3.48,3.65
2014-02-25 00:00:00,0.28,3.54,3.54,3.83
2014-02-26 00:00:00,0,1.92,1.92,3.98
2014-02-27 00:00:00,0.02,0.42,0.42,3.82
2014-02-28 00:00:00,0,0.59,0.59,3.68
2014-03-01 00:00:00,0,0.60,0.60,3.62
2014-03-02 00:00:00,0,-1.22,-1.22,3.55
2014-03-03 00:00:00,0,-1.44,-1.44,3.50
2014-03-04 00:00:00,0,0.14,0.14,3.44
2014-03-05 00:00:00,0,-0.28,-0.28,3.33
2014-03-06 00:00:00,0.19,1.64,1.64,3.28
2014-03-07 00:00:00,0.49,2.56,2.56,3.23
2014-03-08 00:00:00,3.07,0.63,0.63,3.82
2014-03-09 00:00:00,0.97,0.64,0.64,4.47
2014-03-10 00:00:00,0.65,2.96,2.96,5.80
2014-03-11 00:00:00,1.61,-0.14,-0.14,5.61
2014-03-12 00:00:00,0,2.33,2.33,5.01
2014-03-13 00:00:00,0.06,3.08,3.08,5.65
2014-03-14 00:00:00,2.3,0.94,0.94,6.66
2014-03-15 00:00:00,4.74,-1.80,-1.80,5.62
2014-03-16 00:00:00,9.8,-5.84,-5.84,4.41
2014-03-17 00:00:00,11.27,-3.89,-3.89,4.08
2014-03-18 00:00:00,4.42,-5.61,-5.61,4.07
2014-03-19 00:00:00,1.92,-8.00,-8.00,4.38
2014-03-20 00:00:00,2.69,-6.23,-6.23,3.59
2014-03-21 00:00:00,3.2,0.86,0.86,3.54
2014-03-22 00:00:00,0,-0.19,-0.19,3.52
2014-03-23 00:00:00,2.7,-0.02,-0.02,3.37
2014-03-24 00:00:00,1.39,-1.32,-1.32,3.19
2014-03-25 00:00:00,0.69,-4.53,-4.53,3.13
2014-03-26 00:00:00,0,-3.71,-3.71,3.11
2014-03-27 00:00:00,0.01,-2.01,-2.01,3.06
2014-03-28 00:00:00,0,1.17,1.17,3.10
2014-03-29 00:00:00,0.04,3.32,3.32,4.01
2014-03-30 00:00:00,0.04,2.23,2.23,5.42
2014-03-31 00:00:00,0.14,-1.22,-1.22,5.43
2014-04-01 00:00:00,2.14,-2.15,-2.15,4.79
2014-04-02 00:00:00,0.04,-4.52,-4.52,3.94
2014-04-03 00:00:00,0.49,-1.46,-1.46,3.62
2014-04-04 00:00:00,0.17,-2.96,-2.96,3.17
2014-04-05 00:00:00,0,-1.22,-1.22,2.98
2014-04-06 00:00:00,0.08,1.99,1.99,3.05
2014-04-07 00:00:00,2.94,3.41,3.41,6.00
2014-04-08 00:00:00,1.96,2.97,2.97,21.28
2014-04-09 00:00:00,1.61,1.36,1.36,30.54
2014-04-10 00:00:00,0.05,0.57,0.57,24.61
2014-04-11 00:00:00,0.37,1.51,1.51,18.69
2014-04-12 00:00:00,1.28,1.02,1.02,18.92
2014-04-13 00:00:00,1.38,2.10,2.10,17.82
2014-04-14 00:00:00,4.02,1.87,1.87,20.71
2014-04-15 00:00:00,11.52,-1.39,-1.39,19.66
2014-04-16 00:00:00,0.13,-0.70,-0.70,13.66
2014-04-17 00:00:00,0.1,4.25,4.25,15.59
2014-04-18 00:00:00,4.91,0.82,0.82,26.47
2014-04-19 00:00:00,0.41,1.51,1.51,23.08
2014-04-20 00:00:00,0.65,4.62,4.62,37.21
2014-04-21 00:00:00,0.01,5.06,5.06,85.23
2014-04-22 00:00:00,0.14,4.39,4.39,86.43
2014-04-23 00:00:00,0,1.88,1.88,75.92
2014-04-24 00:00:00,0,5.91,5.91,104.27
2014-04-25 00:00:00,0,5.17,5.17,111.86
2014-04-26 00:00:00,0,4.95,4.95,98.10
2014-04-27 00:00:00,0,6.09,6.09,106.37
2014-04-28 00:00:00,0,6.92,6.92,103.02
2014-04-29 00:00:00,3.97,1.87,1.87,104.86
2014-04-30 00:00:00,1.26,-1.66,-1.66,67.20
2014-05-01 00:00:00,2.88,-2.73,-2.73,44.17
2014-05-02 00:00:00,4.18,-1.55,-1.55,34.34
2014-05-03 00:00:00,2.31,-1.13,-1.13,28.53
2014-05-04 00:00:00,4.43,-2.00,-2.00,24.95
2014-05-05 00:00:00,0.7,-1.70,-1.70,22.56
2014-05-06 00:00:00,0,3.25,3.25,24.11
2014-05-07 00:00:00,0.06,2.87,2.87,34.55
2014-05-08 00:00:00,0.08,1.52,1.52,29.35
2014-05-09 00:00:00,0.01,2.26,2.26,23.80
2014-05-10 00:00:00,0.17,3.40,3.40,32.15
2014-05-11 00:00:00,0.38,3.53,3.53,48.31
2014-05-12 00:00:00,0.29,4.80,4.80,92.80
2014-05-13 00:00:00,2.95,3.42,3.42,107.89
2014-05-14 00:00:00,0.01,0.11,0.11,69.21
2014-05-15 00:00:00,0.14,-0.88,-0.88,47.05
2014-05-16 00:00:00,0.46,5.03,5.03,67.67
2014-05-17 00:00:00,0.14,10.01,10.01,166.86
2014-05-18 00:00:00,0.19,6.40,6.40,221.44
2014-05-19 00:00:00,0,13.80,13.80,364.59
2014-05-20 00:00:00,0.46,13.39,13.39,377.05
2014-05-21 00:00:00,0.02,11.24,11.24,323.48
2014-05-22 00:00:00,0,14.28,14.28,423.75
2014-05-23 00:00:00,0.58,14.51,14.51,445.11
2014-05-24 00:00:00,10.48,12.02,12.02,400.39
2014-05-25 00:00:00,3.57,10.76,10.76,288.77
2014-05-26 00:00:00,18.58,7.25,7.25,400.84
2014-05-27 00:00:00,0.72,5.80,5.80,228.79
2014-05-28 00:00:00,0,9.64,9.64,146.10
2014-05-29 00:00:00,0,11.19,11.19,108.71
2014-05-30 00:00:00,0,11.39,11.39,90.76
2014-05-31 00:00:00,0.01,8.57,8.57,86.93
2014-06-01 00:00:00,0,5.43,5.43,56.02
2014-06-02 00:00:00,0,12.11,12.11,51.99
2014-06-03 00:00:00,0,14.83,14.83,63.46
2014-06-04 00:00:00,0.03,14.41,14.41,55.92
2014-06-05 00:00:00,1.07,12.29,12.29,67.79
2014-06-06 00:00:00,2.79,13.41,13.41,88.22
2014-06-07 00:00:00,0.01,13.22,13.22,64.58
2014-06-08 00:00:00,0.01,11.99,11.99,43.30
2014-06-09 00:00:00,22.64,14.74,14.74,150.89
2014-06-10 00:00:00,2.04,9.89,9.89,96.44
2014-06-11 00:00:00,0.64,16.51,16.51,60.24
2014-06-12 00:00:00,9.64,10.84,10.84,93.98
2014-06-13 00:00:00,13.44,8.58,8.58,162.97
2014-06-14 00:00:00,1.07,4.88,4.88,103.41
2014-06-15 00:00:00,0.01,9.32,9.32,46.59
2014-06-16 00:00:00,2.82,6.28,6.28,42.66
2014-06-17 00:00:00,1.26,4.41,4.41,40.19
2014-06-18 00:00:00,1.92,7.69,7.69,34.30
2014-06-19 00:00:00,5.23,7.48,7.48,61.75
2014-06-20 00:00:00,5.23,3.91,3.91,84.84
2014-06-21 00:00:00,3.27,2.69,2.69,80.30
2014-06-22 00:00:00,26.71,2.52,2.52,393.54
2014-06-23 00:00:00,8.25,4.72,4.72,278.03
2014-06-24 00:00:00,2.05,4.77,4.77,175.00
2014-06-25 00:00:00,0.54,6.38,6.38,111.11
2014-06-26 00:00:00,0.24,5.00,5.00,69.63
2014-06-27 00:00:00,0.29,5.22,5.22,45.95
2014-06-28 00:00:00,0.01,7.14,7.14,33.84
2014-06-29 00:00:00,0.07,7.11,7.11,26.93
2014-06-30 00:00:00,1.73,7.74,7.74,25.65
2014-07-01 00:00:00,0.85,9.28,9.28,26.22
2014-07-02 00:00:00,0.72,9.98,9.98,31.77
2014-07-03 00:00:00,2.94,13.09,13.09,23.59
2014-07-04 00:00:00,3.05,8.26,8.26,24.56
2014-07-05 00:00:00,0.04,15.57,15.57,17.84
2014-07-06 00:00:00,0,17.58,17.58,14.76
2014-07-07 00:00:00,0,18.03,18.03,12.72
2014-07-08 00:00:00,7.11,15.92,15.92,17.61
2014-07-09 00:00:00,1.77,16.29,16.29,16.24
2014-07-10 00:00:00,0.03,19.68,19.68,11.91
2014-07-11 00:00:00,0.83,18.61,18.61,10.45
2014-07-12 00:00:00,0.04,20.92,20.92,8.07
2014-07-13 00:00:00,4.2,16.05,16.05,16.72
2014-07-14 00:00:00,0.16,18.41,18.41,9.74
2014-07-15 00:00:00,1.34,15.81,15.81,7.31
2014-07-16 00:00:00,6.56,13.32,13.32,12.28
2014-07-17 00:00:00,2.09,12.96,12.96,13.87
2014-07-18 00:00:00,12.7,13.90,13.90,26.80
2014-07-19 00:00:00,1.44,11.59,11.59,31.18
2014-07-20 00:00:00,0.02,16.00,16.00,15.57
2014-07-21 00:00:00,0,18.55,18.55,9.92
2014-07-22 00:00:00,0.01,18.97,18.97,7.32
2014-07-23 00:00:00,0.42,19.42,19.42,6.56
2014-07-24 00:00:00,0.03,18.40,18.40,5.36
2014-07-25 00:00:00,0,19.38,19.38,4.25
2014-07-26 00:00:00,0.01,17.51,17.51,3.73
2014-07-27 00:00:00,1.08,17.36,17.36,4.43
2014-07-28 00:00:00,2.44,17.19,17.19,4.53
2014-07-29 00:00:00,0.19,14.41,14.41,4.11
2014-07-30 00:00:00,2.52,16.02,16.02,5.81
2014-07-31 00:00:00,7.99,12.42,12.42,8.64
2014-08-01 00:00:00,2.97,12.26,12.26,6.28
2014-08-02 00:00:00,3.1,9.92,9.92,6.50
2014-08-03 00:00:00,0.01,15.71,15.71,5.81
2014-08-04 00:00:00,4.45,17.33,17.33,5.89
2014-08-05 00:00:00,9.96,16.94,16.94,13.70
2014-08-06 00:00:00,10.74,13.48,13.48,28.82
2014-08-07 00:00:00,6.8,12.76,12.76,52.09
2014-08-08 00:00:00,0.19,15.09,15.09,21.35
2014-08-09 00:00:00,0.12,13.35,13.35,13.36
2014-08-10 00:00:00,0.03,16.49,16.49,9.47
2014-08-11 00:00:00,0.01,13.26,13.26,6.84
2014-08-12 00:00:00,0.23,11.84,11.84,5.66
2014-08-13 00:00:00,0,10.69,10.69,5.00
2014-08-14 00:00:00,1.78,9.59,9.59,5.56
2014-08-15 00:00:00,4.66,9.85,9.85,8.82
2014-08-16 00:00:00,1.69,6.99,6.99,9.34
2014-08-17 00:00:00,1.04,8.96,8.96,7.51
2014-08-18 00:00:00,4.58,8.69,8.69,10.50
2014-08-19 00:00:00,26.42,8.23,8.23,280.13
2014-08-20 00:00:00,14.7,8.26,8.26,268.52
2014-08-21 00:00:00,11.63,8.84,8.84,216.34
2014-08-22 00:00:00,2.13,7.66,7.66,138.54
2014-08-23 00:00:00,2.75,8.01,8.01,75.61
2014-08-24 00:00:00,3.61,9.02,9.02,61.00
2014-08-25 00:00:00,2.89,8.97,8.97,47.73
2014-08-26 00:00:00,1.72,8.58,8.58,66.26
2014-08-27 00:00:00,3.54,8.30,8.30,74.59
2014-08-28 00:00:00,1.34,7.08,7.08,54.47
2014-08-29 00:00:00,0.06,7.56,7.56,33.95
2014-08-30 00:00:00,0.03,11.25,11.25,23.87
2014-08-31 00:00:00,0,9.88,9.88,17.25
2014-09-01 00:00:00,0.01,9.91,9.91,13.52
2014-09-02 00:00:00,0.44,10.91,10.91,11.47
2014-09-03 00:00:00,1.18,10.87,10.87,11.53
2014-09-04 00:00:00,1.71,11.74,11.74,10.01
2014-09-05 00:00:00,0.01,10.72,10.72,8.51
2014-09-06 00:00:00,0.03,10.57,10.57,7.51
2014-09-07 00:00:00,0.02,12.70,12.70,6.57
2014-09-08 00:00:00,0.03,12.36,12.36,5.89
2014-09-09 00:00:00,1.11,10.96,10.96,5.55
2014-09-10 00:00:00,1.47,8.30,8.30,7.62
2014-09-11 00:00:00,0.02,8.69,8.69,6.64
2014-09-12 00:00:00,0.16,10.08,10.08,5.87
2014-09-13 00:00:00,0.07,8.12,8.12,5.39
2014-09-14 00:00:00,0.04,11.49,11.49,4.91
2014-09-15 00:00:00,0.01,9.65,9.65,4.62
2014-09-16 00:00:00,0,10.31,10.31,4.35
2014-09-17 00:00:00,0,10.73,10.73,3.82
2014-09-18 00:00:00,0.01,9.89,9.89,3.54
2014-09-19 00:00:00,0,9.09,9.09,3.34
2014-09-20 00:00:00,0.01,8.12,8.12,3.27
2014-09-21 00:00:00,3.26,8.93,8.93,3.91
2014-09-22 00:00:00,4.97,3.39,3.39,10.68
2014-09-23 00:00:00,1.01,1.61,1.61,10.37
2014-09-24 00:00:00,2.62,2.86,2.86,10.08
2014-09-25 00:00:00,3.4,4.42,4.42,18.64
2014-09-26 00:00:00,0.81,7.04,7.04,16.82
2014-09-27 00:00:00,18.73,5.32,5.32,79.88
2014-09-28 00:00:00,11.77,6.73,6.73,98.02
2014-09-29 00:00:00,1.95,5.21,5.21,52.29
2014-09-30 00:00:00,1.08,2.33,2.33,43.64
2014-10-01 00:00:00,0,6.42,6.42,25.47
2014-10-02 00:00:00,4.19,7.22,7.22,29.56
2014-10-03 00:00:00,0,7.10,7.10,27.00
2014-10-04 00:00:00,0,8.93,8.93,17.81
2014-10-05 00:00:00,0,10.97,10.97,13.84
2014-10-06 00:00:00,0,9.04,9.04,11.26
2014-10-07 00:00:00,0,4.69,4.69,9.37
2014-10-08 00:00:00,0.55,3.30,3.30,8.53
2014-10-09 00:00:00,1.28,3.53,3.53,12.70
2014-10-10 00:00:00,1.62,3.46,3.46,13.86
2014-10-11 00:00:00,3.38,4.84,4.84,15.28
2014-10-12 00:00:00,0.14,3.83,3.83,14.45
2014-10-13 00:00:00,5.72,3.31,3.31,20.01
2014-10-14 00:00:00,0.65,3.79,3.79,23.30
2014-10-15 00:00:00,0.41,0.38,0.38,19.01
2014-10-16 00:00:00,0,0.30,0.30,14.14
2014-10-17 00:00:00,0,-1.77,-1.77,9.96
2014-10-18 00:00:00,0,-0.58,-0.58,7.89
2014-10-19 00:00:00,3.64,3.58,3.58,14.83
2014-10-20 00:00:00,0.31,5.53,5.53,18.99
2014-10-21 00:00:00,0.58,4.29,4.29,16.56
2014-10-22 00:00:00,1.99,2.63,2.63,15.14
2014-10-23 00:00:00,2.49,1.27,1.27,12.54
2014-10-24 00:00:00,2.9,3.46,3.46,15.88
2014-10-25 00:00:00,0.24,6.27,6.27,36.90
2014-10-26 00:00:00,0,5.62,5.62,26.32
2014-10-27 00:00:00,1.75,5.69,5.69,20.58
2014-10-28 00:00:00,2.09,3.76,3.76,21.77
2014-10-29 00:00:00,5.15,3.96,3.96,50.41
2014-10-30 00:00:00,2.69,0.01,0.01,31.22
2014-10-31 00:00:00,0.32,-1.78,-1.78,17.77
2014-11-01 00:00:00,1.17,0.41,0.41,13.47
2014-11-02 00:00:00,0.95,3.95,3.95,17.02
2014-11-03 00:00:00,0.55,4.77,4.77,16.48
2014-11-04 00:00:00,1.94,0.82,0.82,13.81
2014-11-05 00:00:00,3.26,-3.04,-3.04,11.11
2014-11-06 00:00:00,0,-4.37,-4.37,7.53
2014-11-07 00:00:00,0,-4.50,-4.50,9.93
2014-11-08 00:00:00,0,-2.03,-2.03,5.67
2014-11-09 00:00:00,0,0.96,0.96,7.36
2014-11-10 00:00:00,0.4,4.69,4.69,14.14
2014-11-11 00:00:00,0,2.34,2.34,18.30
2014-11-12 00:00:00,0,-2.33,-2.33,9.70
2014-11-13 00:00:00,0,0.86,0.86,8.23
2014-11-14 00:00:00,0,1.76,1.76,7.44
2014-11-15 00:00:00,0,2.58,2.58,6.56
2014-11-16 00:00:00,0,1.46,1.46,5.90
2014-11-17 00:00:00,0,-0.81,-0.81,4.41
2014-11-18 00:00:00,0,-1.72,-1.72,3.57
2014-11-19 00:00:00,0,-1.94,-1.94,12.55
2014-11-20 00:00:00,0,-3.73,-3.73,20.77
2014-11-21 00:00:00,0,-3.52,-3.52,9.27
2014-11-22 00:00:00,0,-7.31,-7.31,12.07
2014-11-23 00:00:00,0.02,-4.36,-4.36,9.09
2014-11-24 00:00:00,1.21,1.11,1.11,7.10
2014-11-25 00:00:00,3.86,0.72,0.72,4.97
2014-11-26 00:00:00,1.28,-1.48,-1.48,3.76
2014-11-27 00:00:00,0,-4.28,-4.28,2.66
2014-11-28 00:00:00,0,-3.09,-3.09,2.45
2014-11-29 00:00:00,0,-4.79,-4.79,2.78
2014-11-30 00:00:00,0,-4.49,-4.49,2.94
2014-12-01 00:00:00,0.37,-2.87,-2.87,2.94
2014-12-02 00:00:00,0.26,-1.96,-1.96,2.84
2014-12-03 00:00:00,1.12,-2.46,-2.46,2.69
2014-12-04 00:00:00,1.91,3.08,3.08,2.93
2014-12-05 00:00:00,0,0.56,0.56,3.40
2014-12-06 00:00:00,0.79,-1.67,-1.67,3.18
2014-12-07 00:00:00,0.83,-3.81,-3.81,2.73
2014-12-08 00:00:00,0.48,-4.21,-4.21,2.96
2014-12-09 00:00:00,1.95,-4.29,-4.29,3.68
2014-12-10 00:00:00,0.51,-2.72,-2.72,2.93
2014-12-11 00:00:00,0,-2.00,-2.00,2.83
2014-12-12 00:00:00,0,-2.24,-2.24,2.55
2014-12-13 00:00:00,0,-7.32,-7.32,4.27
2014-12-14 00:00:00,3.12,-7.84,-7.84,4.76
2014-12-15 00:00:00,0,-2.95,-2.95,5.00
2014-12-16 00:00:00,4.53,-4.58,-4.58,3.47
2014-12-17 00:00:00,0.22,-12.29,-12.29,2.61
2014-12-18 00:00:00,0.28,-10.10,-10.10,2.58
2014-12-19 00:00:00,0,-6.08,-6.08,2.51
2014-12-20 00:00:00,0.05,-8.13,-8.13,2.66
2014-12-21 00:00:00,10.44,-4.10,-4.10,2.91
2014-12-22 00:00:00,1.68,-4.72,-4.72,3.04
2014-12-23 00:00:00,1.74,-6.49,-6.49,3.05
2014-12-24 00:00:00,5.35,-4.92,-4.92,3.24
2014-12-25 00:00:00,0.15,-18.44,-18.44,2.78
2014-12-26 00:00:00,9.68,-14.16,-14.16,3.36
2014-12-27 00:00:00,1.48,-9.69,-9.69,3.20
2014-12-28 00:00:00,0.09,-18.09,-18.09,3.20
2014-12-29 00:00:00,8.1,-10.00,-10.00,3.97
2014-12-30 00:00:00,15.12,-0.84,-0.84,4.61
2014-12-31 00:00:00,2.87,3.89,3.89,5.96
2015-01-01 00:00:00,0.34,3.15,3.15,17.82
2015-01-02 00:00:00,4.12,1.25,1.25,30.51
2015-01-03 00:00:00,6.37,-2.50,-2.50,24.73
2015-01-04 00:00:00,7.18,-4.67,-4.67,19.02
2015-01-05 00:00:00,8.69,-3.69,-3.69,14.50
2015-01-06 00:00:00,0.22,-3.02,-3.02,13.85
2015-01-07 00:00:00,1.05,-0.26,-0.26,13.91
2015-01-08 00:00:00,0.79,-1.68,-1.68,12.55
2015-01-09 00:00:00,0.39,-5.09,-5.09,9.98
2015-01-10 00:00:00,0,-13.03,-13.03,7.36
2015-01-11 00:00:00,3.39,-7.83,-7.83,8.07
2015-01-12 00:00:00,0.05,-12.49,-12.49,7.50
2015-01-13 00:00:00,0.71,-8.28,-8.28,7.32
2015-01-14 00:00:00,0,-6.36,-6.36,6.91
2015-01-15 00:00:00,0,-4.76,-4.76,6.91
2015-01-16 00:00:00,0.05,-1.83,-1.83,6.65
2015-01-17 00:00:00,1.84,-0.97,-0.97,6.27
2015-01-18 00:00:00,2.54,-2.90,-2.90,5.39
2015-01-19 00:00:00,0,-8.67,-8.67,4.63
2015-01-20 00:00:00,0,-6.52,-6.52,4.13
2015-01-21 00:00:00,0,-6.69,-6.69,4.63
2015-01-22 00:00:00,0,-6.39,-6.39,3.88
2015-01-23 00:00:00,0,-14.36,-14.36,3.12
2015-01-24 00:00:00,0.02,-9.64,-9.64,3.50
2015-01-25 00:00:00,0.38,-6.21,-6.21,2.87
2015-01-26 00:00:00,2.33,-5.19,-5.19,3.50
2015-01-27 00:00:00,0.72,-4.73,-4.73,3.37
2015-01-28 00:00:00,0.33,-2.14,-2.14,3.37
2015-01-29 00:00:00,0.58,-0.25,-0.25,2.99
2015-01-30 00:00:00,0.79,-2.67,-2.67,2.87
2015-01-31 00:00:00,0,-4.18,-4.18,2.61
2015-02-01 00:00:00,0.42,-7.60,-7.60,2.74
2015-02-02 00:00:00,3.63,-7.82,-7.82,2.61
2015-02-03 00:00:00,1.79,-7.57,-7.57,2.74
2015-02-04 00:00:00,2.42,-5.66,-5.66,2.74
2015-02-05 00:00:00,0.58,-7.83,-7.83,2.87
2015-02-06 00:00:00,2.5,-1.48,-1.48,2.74
2015-02-07 00:00:00,4.6,1.06,1.06,3.37
2015-02-08 00:00:00,17.45,-6.25,-6.25,3.61
2015-02-09 00:00:00,15.99,0.55,0.55,13.26
2015-02-10 00:00:00,0.41,2.57,2.57,72.81
2015-02-11 00:00:00,0.08,2.30,2.30,55.26
2015-02-12 00:00:00,1.03,0.13,0.13,32.33
2015-02-13 00:00:00,0.94,-3.39,-3.39,21.52
2015-02-14 00:00:00,1.02,-2.51,-2.51,15.60
2015-02-15 00:00:00,0,-2.57,-2.57,11.53
2015-02-16 00:00:00,0,-4.20,-4.20,8.45
2015-02-17 00:00:00,0,-3.91,-3.91,8.27
2015-02-18 00:00:00,7.5,-2.43,-2.43,7.83
2015-02-19 00:00:00,1.09,2.40,2.40,7.30
2015-02-20 00:00:00,0.29,1.86,1.86,11.15
2015-02-21 00:00:00,0,-1.87,-1.87,13.26
2015-02-22 00:00:00,0.45,-3.07,-3.07,10.94
2015-02-23 00:00:00,0.7,-5.28,-5.28,8.74
2015-02-24 00:00:00,0.01,-1.80,-1.80,7.39
2015-02-25 00:00:00,0.01,-1.48,-1.48,6.29
2015-02-26 00:00:00,0.17,-1.85,-1.85,5.60
2015-02-27 00:00:00,1.12,-0.62,-0.62,5.31
2015-02-28 00:00:00,0,-1.00,-1.00,4.89
2015-03-01 00:00:00,0.05,-0.31,-0.31,4.81
2015-03-02 00:00:00,0.03,-0.36,-0.36,4.55
2015-03-03 00:00:00,0.6,-4.06,-4.06,3.87
2015-03-04 00:00:00,0.19,-5.48,-5.48,3.89
2015-03-05 00:00:00,0.17,-5.00,-5.00,3.44
2015-03-06 00:00:00,1.61,-1.46,-1.46,3.48
2015-03-07 00:00:00,0.76,0.88,0.88,3.75
2015-03-08 00:00:00,4.36,2.94,2.94,4.86
2015-03-09 00:00:00,1.52,-0.71,-0.71,5.13
2015-03-10 00:00:00,0.22,-0.33,-0.33,5.19
2015-03-11 00:00:00,8.64,-0.50,-0.50,6.68
2015-03-12 00:00:00,0,0.17,0.17,6.23
2015-03-13 00:00:00,0.01,1.24,1.24,5.38
2015-03-14 00:00:00,0,-1.49,-1.49,4.89
2015-03-15 00:00:00,0,-1.65,-1.65,4.61
2015-03-16 00:00:00,0.01,1.81,1.81,4.61
2015-03-17 00:00:00,0,2.27,2.27,5.19
2015-03-18 00:00:00,0.01,1.11,1.11,6.54
2015-03-19 00:00:00,0.39,1.81,1.81,6.61
2015-03-20 00:00:00,1.77,-1.18,-1.18,6.12
2015-03-21 00:00:00,0.16,-7.13,-7.13,4.86
2015-03-22 00:00:00,2.03,-5.78,-5.78,4.66
2015-03-23 00:00:00,2.02,1.16,1.16,5.69
2015-03-24 00:00:00,3.92,1.23,1.23,10.55
2015-03-25 00:00:00,1.62,-5.07,-5.07,8.44
2015-03-26 00:00:00,0,-5.07,-5.07,6.68
2015-03-27 00:00:00,1.24,-3.39,-3.39,5.50
2015-03-28 00:00:00,0.05,-2.92,-2.92,4.78
2015-03-29 00:00:00,0,-0.12,-0.12,4.69
2015-03-30 00:00:00,3.05,-1.29,-1.29,4.78
2015-03-31 00:00:00,0,-4.90,-4.90,4.31
2015-04-01 00:00:00,0,-5.48,-5.48,4.02
2015-04-02 00:00:00,3.07,-2.46,-2.46,4.02
2015-04-03 00:00:00,5.21,-2.18,-2.18,3.92
2015-04-04 00:00:00,2.54,-3.52,-3.52,3.79
2015-04-05 00:00:00,0.01,-6.16,-6.16,3.42
2015-04-06 00:00:00,2.93,-1.97,-1.97,3.75
2015-04-07 00:00:00,2.85,3.21,3.21,5.38
2015-04-08 00:00:00,3.67,1.46,1.46,18.08
2015-04-09 00:00:00,0.01,0.90,0.90,19.31
2015-04-10 00:00:00,1.68,1.01,1.01,19.24
2015-04-11 00:00:00,0,2.71,2.71,25.63
2015-04-12 00:00:00,7.99,3.32,3.32,38.80
2015-04-13 00:00:00,0.24,0.04,0.04,36.57
2015-04-14 00:00:00,1.2,-4.18,-4.18,21.47
2015-04-15 00:00:00,0.94,0.41,0.41,16.43
2015-04-16 00:00:00,4.74,0.24,0.24,15.26
2015-04-17 00:00:00,3.97,-0.09,-0.09,19.09
2015-04-18 00:00:00,2.02,0.38,0.38,28.44
2015-04-19 00:00:00,2.8,1.07,1.07,40.99
2015-04-20 00:00:00,0.02,2.80,2.80,67.75
2015-04-21 00:00:00,0.01,3.03,3.03,74.06
2015-04-22 00:00:00,0.02,3.95,3.95,83.96
2015-04-23 00:00:00,5.99,1.94,1.94,130.32
2015-04-24 00:00:00,0.66,-2.36,-2.36,65.51
2015-04-25 00:00:00,0.43,-1.26,-1.26,40.37
2015-04-26 00:00:00,2.14,2.48,2.48,84.16
2015-04-27 00:00:00,0.1,-0.53,-0.53,74.44
2015-04-28 00:00:00,0,0.22,0.22,51.47
2015-04-29 00:00:00,0.73,0.19,0.19,42.37
2015-04-30 00:00:00,0.76,-0.49,-0.49,32.70
2015-05-01 00:00:00,3.09,-0.51,-0.51,26.09
2015-05-02 00:00:00,1.63,-1.05,-1.05,23.11
2015-05-03 00:00:00,0.54,-1.98,-1.98,19.91
2015-05-04 00:00:00,0,0.24,0.24,21.15
2015-05-05 00:00:00,1.09,2.56,2.56,42.37
2015-05-06 00:00:00,1.24,6.08,6.08,223.52
2015-05-07 00:00:00,0.06,7.12,7.12,281.89
2015-05-08 00:00:00,3.46,5.49,5.49,267.23
2015-05-09 00:00:00,2.71,1.34,1.34,173.67
2015-05-10 00:00:00,0.03,3.47,3.47,132.23
2015-05-11 00:00:00,1.27,2.36,2.36,114.54
2015-05-12 00:00:00,1.85,5.34,5.34,150.52
2015-05-13 00:00:00,1.54,4.94,4.94,198.44
2015-05-14 00:00:00,5.22,1.75,1.75,199.65
2015-05-15 00:00:00,2.62,-0.33,-0.33,123.95
2015-05-16 00:00:00,0.09,1.56,1.56,104.48
2015-05-17 00:00:00,5.81,2.76,2.76,140.41
2015-05-18 00:00:00,3.58,1.63,1.63,129.37
2015-05-19 00:00:00,0,3.97,3.97,118.83
2015-05-20 00:00:00,0.12,3.65,3.65,129.18
2015-05-21 00:00:00,1.78,3.09,3.09,147.44
2015-05-22 00:00:00,0.36,6.18,6.18,153.41
2015-05-23 00:00:00,8.24,2.26,2.26,155.92
2015-05-24 00:00:00,1.45,0.69,0.69,117.57
2015-05-25 00:00:00,3.31,4.60,4.60,145.82
2015-05-26 00:00:00,2.94,3.07,3.07,173.90
2015-05-27 00:00:00,2.15,3.26,3.26,180.43
2015-05-28 00:00:00,0.34,3.38,3.38,164.45
2015-05-29 00:00:00,3.42,5.56,5.56,198.20
2015-05-30 00:00:00,9.54,2.37,2.37,176.81
2015-05-31 00:00:00,8.33,4.37,4.37,237.08
2015-06-01 00:00:00,3.97,4.02,4.02,233.91
2015-06-02 00:00:00,4.21,4.12,4.12,207.19
2015-06-03 00:00:00,0.28,3.74,3.74,165.53
2015-06-04 00:00:00,6.33,3.74,3.74,183.64
2015-06-05 00:00:00,2.21,4.62,4.62,156.34
2015-06-06 00:00:00,2.69,8.04,8.04,183.87
2015-06-07 00:00:00,10.24,6.05,6.05,309.55
2015-06-08 00:00:00,4.54,4.72,4.72,249.44
2015-06-09 00:00:00,2.2,3.04,3.04,168.59
2015-06-10 00:00:00,1.16,6.94,6.94,141.80
2015-06-11 00:00:00,5.11,5.69,5.69,227.12
2015-06-12 00:00:00,2.95,6.28,6.28,221.98
2015-06-13 00:00:00,0.59,6.83,6.83,172.78
2015-06-14 00:00:00,5.16,4.61,4.61,156.13
2015-06-15 00:00:00,5.02,2.43,2.43,143.20
2015-06-16 00:00:00,3.11,2.78,2.78,135.31
2015-06-17 00:00:00,2.13,2.81,2.81,114.18
2015-06-18 00:00:00,0.44,8.04,8.04,113.83
2015-06-19 00:00:00,6.31,7.06,7.06,169.47
2015-06-20 00:00:00,0.91,7.05,7.05,158.45
2015-06-21 00:00:00,0.03,8.77,8.77,128.43
2015-06-22 00:00:00,0.29,11.76,11.76,135.51
2015-06-23 00:00:00,5.78,10.37,10.37,159.94
2015-06-24 00:00:00,0.4,5.02,5.02,118.29
2015-06-25 00:00:00,2.44,5.93,5.93,113.65
2015-06-26 00:00:00,13.16,4.85,4.85,267.79
2015-06-27 00:00:00,1.37,5.93,5.93,181.80
2015-06-28 00:00:00,0.01,9.01,9.01,124.69
2015-06-29 00:00:00,2.9,13.37,13.37,139.62
2015-06-30 00:00:00,3.36,8.88,8.88,160.37
2015-07-01 00:00:00,2.1,9.43,9.43,125.06
2015-07-02 00:00:00,2.16,14.24,14.24,132.61
2015-07-03 00:00:00,0.03,20.02,20.02,142.60
2015-07-04 00:00:00,0.11,15.92,15.92,109.99
2015-07-05 00:00:00,0,12.51,12.51,69.34
2015-07-06 00:00:00,0.01,17.13,17.13,63.65
2015-07-07 00:00:00,24.81,10.82,10.82,300.00
2015-07-08 00:00:00,2.22,6.33,6.33,141.01
2015-07-09 00:00:00,1.58,5.21,5.21,101.46
2015-07-10 00:00:00,7.26,4.55,4.55,162.08
2015-07-11 00:00:00,1.93,5.16,5.16,129.37
2015-07-12 00:00:00,0.01,11.80,11.80,72.40
2015-07-13 00:00:00,0.02,14.69,14.69,60.52
2015-07-14 00:00:00,7.77,10.94,10.94,131.46
2015-07-15 00:00:00,1.73,8.29,8.29,72.59
2015-07-16 00:00:00,5.85,7.57,7.57,138.05
2015-07-17 00:00:00,5.85,5.23,5.23,168.59
2015-07-18 00:00:00,0.69,9.88,9.88,83.55
2015-07-19 00:00:00,2.18,8.73,8.73,63.81
2015-07-20 00:00:00,3.01,9.10,9.10,55.79
2015-07-21 00:00:00,2.54,8.82,8.82,42.62
2015-07-22 00:00:00,2.62,9.54,9.54,48.77
2015-07-23 00:00:00,5.19,9.63,9.63,75.00
2015-07-24 00:00:00,2.79,6.37,6.37,84.16
2015-07-25 00:00:00,5.68,7.77,7.77,60.52
2015-07-26 00:00:00,1.59,9.32,9.32,41.49
2015-07-27 00:00:00,7.2,7.71,7.71,79.39
2015-07-28 00:00:00,0.91,8.45,8.45,53.08
2015-07-29 00:00:00,2.85,10.32,10.32,43.65
2015-07-30 00:00:00,5.24,9.60,9.60,57.34
2015-07-31 00:00:00,1.05,6.46,6.46,60.68
2015-08-01 00:00:00,1.42,6.04,6.04,42.24
2015-08-02 00:00:00,0.79,9.08,9.08,32.81
2015-08-03 00:00:00,6.67,6.82,6.82,53.38
2015-08-04 00:00:00,0,9.84,9.84,31.44
2015-08-05 00:00:00,4.26,13.38,13.38,48.49
2015-08-06 00:00:00,11.24,12.56,12.56,119.73
2015-08-07 00:00:00,0.71,13.87,13.87,49.05
2015-08-08 00:00:00,3.67,11.80,11.80,40.00
2015-08-09 00:00:00,2.99,8.17,8.17,38.20
2015-08-10 00:00:00,0.41,11.91,11.91,26.55
2015-08-11 00:00:00,0.03,14.27,14.27,19.54
2015-08-12 00:00:00,1,11.18,11.18,18.29
2015-08-13 00:00:00,1.24,7.41,7.41,18.01
2015-08-14 00:00:00,0,10.48,10.48,13.85
2015-08-15 00:00:00,0,15.22,15.22,10.94
2015-08-16 00:00:00,0.02,15.66,15.66,8.70
2015-08-17 00:00:00,0,14.40,14.40,7.43
2015-08-18 00:00:00,0,14.57,14.57,6.58
2015-08-19 00:00:00,0,15.84,15.84,5.66
2015-08-20 00:00:00,0,15.55,15.55,4.86
2015-08-21 00:00:00,0,15.61,15.61,4.23
2015-08-22 00:00:00,0,14.58,14.58,3.84
2015-08-23 00:00:00,0,14.54,14.54,3.53
2015-08-24 00:00:00,0.01,14.39,14.39,3.60
2015-08-25 00:00:00,0.01,15.32,15.32,3.51
2015-08-26 00:00:00,0.3,15.39,15.39,3.42
2015-08-27 00:00:00,0.88,14.17,14.17,3.44
2015-08-28 00:00:00,18.81,11.44,11.44,34.99
2015-08-29 00:00:00,6.72,8.44,8.44,36.34
2015-08-30 00:00:00,0.3,9.70,9.70,16.63
2015-08-31 00:00:00,2.27,9.02,9.02,13.44